ndc,rxcui,atc_class,atc_class_name
0409-1985-30,763028,N05BA,Benzodiazepine derivatives
63323-0262-01,1361615,B01AB,Heparin group
0406-0552-62,1049621,N02AA,Natural opium alkaloids
63323-0013-02,313324,A11DA,"Vitamin B1, plain"
0338-0049-03,1807634,B05XA,Electrolyte solutions
51079-0386-20,197901,N05BA,Benzodiazepine derivatives
0904-0544-60,313323,A11DA,"Vitamin B1, plain"
0409-6729-24,1658259,B05XA,Electrolyte solutions
63481-0687-06,1011705,N01BB,Amides
0338-0049-04,1807639,B05XA,Electrolyte solutions
63323-0184-10,237786,B03BB,Folic acid and derivatives
0338-0043-04,1807552,B05XA,Electrolyte solutions
0135-0195-02,351427,N07BA,Drugs used in nicotine dependence
51079-0072-20,310429,C03CA,"Sulfonamides, plain"
0338-5003-41,1665046,J01DD,Third-generation cephalosporins
0517-7604-25,307719,R05CB,Mucolytics
0409-7793-62,1658717,B01AB,Heparin group
0338-0085-04,1795250,B05BB,Solutions affecting the electrolyte balance
0409-9158-01,1670192,B02BA,Vitamin K
51079-0131-20,856783,N06AA,Non-selective monoamine reuptake inhibitors
63739-0478-10,1115005,A06AA,"Softeners, emollients"
64764-0805-30,603162,N05CH,Melatonin receptor agonists
62584-0988-01,197319,M04AA,Preparations inhibiting uric acid production
0121-0431-30,253017,A02AA,Magnesium compounds
51079-0211-03,259255,C10AA,HMG CoA reductase inhibitors
68084-0783-01,310430,N02BF,Gabapentinoids
0904-6522-61,312935,A06AB,Contact laxatives
0409-6102-04,1719291,C03CA,"Sulfonamides, plain"
0409-4902-34,727517,B05CX,Other irrigating solutions
51079-0931-20,200032,C07AG,Alpha and beta blocking agents
0597-0260-10,153095,H04AA,Glycogenolytic hormones
0487-0201-01,1437702,R03AL,Adrenergics in combination with anticholinergics incl. triple combinations with corticosteroids
68084-0539-01,198371,C03CA,"Sulfonamides, plain"
0904-5824-60,199362,A11CC,Vitamin D and analogues
51079-0073-20,313988,C03CA,"Sulfonamides, plain"
0904-4040-73,318272,A01AD,Other agents for local oral treatment
36000-0283-25,1719291,C03CA,"Sulfonamides, plain"
51079-0205-20,197319,M04AA,Preparations inhibiting uric acid production
0487-9801-25,836358,R01AX,Other nasal preparations
0904-6294-61,309362,B01AC,Platelet aggregation inhibitors excl. heparin
57896-0452-08,702311,A06AB,Contact laxatives
0264-9587-20,1658717,B01AB,Heparin group
11523-7268-08,876195,A06AD,Osmotically acting laxatives
66758-0160-13,628958,B05XA,Electrolyte solutions
63739-0354-10,198741,A02AA,Magnesium compounds
0338-0553-18,1807632,B05XA,Electrolyte solutions
58468-0130-01,749210,V03AE,Drugs for treatment of hyperkalemia and hyperphosphatemia
51079-0255-20,866924,C07AB,"Beta blocking agents, selective"
51079-0458-20,904467,C10AA,HMG CoA reductase inhibitors
45963-0439-63,544452,A06AD,Osmotically acting laxatives
0338-0017-04,1795612,B05BA,Solutions for parenteral nutrition
17478-0934-01,966571,C02DB,Hydrazinophthalazine derivatives
0378-0871-99,998671,C02AC,Imidazoline receptor agonists
51079-0456-20,198211,C10AA,HMG CoA reductase inhibitors
51079-0299-20,884173,C02AC,Imidazoline receptor agonists
51079-0983-20,314077,C09AA,"ACE inhibitors, plain"
51079-0684-20,197381,C07AB,"Beta blocking agents, selective"
42292-0039-20,966248,H03AA,Thyroid hormones
0904-6820-76,307675,N02BE,Anilides
0641-0400-12,1361615,B01AB,Heparin group
60687-0129-01,1115005,A06AA,"Softeners, emollients"
68084-0347-01,979492,C09CA,"Angiotensin II receptor blockers (ARBs), plain"
63323-0106-05,1658259,B05XA,Electrolyte solutions
0904-6773-61,313782,N02BE,Anilides
69784-0180-01,876193,A06AD,Osmotically acting laxatives
68084-0097-01,617312,C10AA,HMG CoA reductase inhibitors
0338-0671-04,1863605,B05BB,Solutions affecting the electrolyte balance
0904-6007-61,197900,N05BA,Benzodiazepine derivatives
51079-0444-20,966220,H03AA,Thyroid hormones
68084-0128-01,198051,A02BC,Proton pump inhibitors
36000-0012-25,1740467,A04AA,Serotonin (5HT3) antagonists
0143-9857-25,1665021,J01DD,Third-generation cephalosporins
0409-1283-31,1724383,N02AA,Natural opium alkaloids
0338-0117-04,847630,A12AA,Calcium
0338-1055-48,311683,J01XD,Imidazole derivatives
0409-3793-01,860092,M01AB,Acetic acid derivatives and related substances
66689-0401-50,1049604,N02AA,Natural opium alkaloids
0121-0657-21,307675,N02BE,Anilides
43825-0102-01,1041530,N02BE,Anilides
0574-7050-50,198509,A06AB,Contact laxatives
0641-0928-25,992460,D04AA,Antihistamines for topical use
0641-6078-25,1740467,A04AA,Serotonin (5HT3) antagonists
0121-1761-30,307746,A02AF,Antacids with antiflatulents
51079-0348-20,1648755,J01XE,Nitrofuran derivatives
0904-5854-61,197806,M01AE,Propionic acid derivatives
0264-3105-11,1665060,J01DB,First-generation cephalosporins
0591-2191-01,577348,N05CH,Melatonin receptor agonists
60505-6130-05,1740467,A04AA,Serotonin (5HT3) antagonists
0904-6290-61,617312,C10AA,HMG CoA reductase inhibitors
63323-0568-87,854235,B01AB,Heparin group
44567-0241-10,1665088,J01DE,Fourth-generation cephalosporins
44567-0240-10,1665093,J01DE,Fourth-generation cephalosporins
0338-3580-48,1807510,A07AA,Antibiotics
51079-0417-20,197900,N05BA,Benzodiazepine derivatives
0487-9501-01,630208,R03AC,Selective beta-2-adrenoreceptor agonists
0781-3404-95,1721475,J01CA,Penicillins with extended spectrum
50383-0779-33,391937,A06AD,Osmotically acting laxatives
60505-0753-04,1665046,J01DD,Third-generation cephalosporins
76329-3012-05,1011852,D04AB,Anesthetics for topical use
0703-4502-04,311670,A03FA,Propulsives
0409-4777-02,1665212,J01MA,Fluoroquinolones
42292-0001-20,311681,P01AB,Nitroimidazole derivatives
63323-0492-89,1737567,N01BB,Amides
0591-3525-30,1745091,N01BB,Amides
0904-2725-61,198335,J01EC,Intermediate-acting sulfonamides
63323-0649-07,1115267,H03AA,Thyroid hormones
68084-0070-01,309309,J01MA,Fluoroquinolones
0338-0049-11,1807631,B05XA,Electrolyte solutions
0781-3407-95,1721474,J01CA,Penicillins with extended spectrum
0409-4713-02,1737566,N01BB,Amides
0121-1971-00,307675,N02BE,Anilides
25021-0127-20,1659283,J01DD,Third-generation cephalosporins
50268-0854-15,313896,B03BA,Vitamin B12 (cyanocobalamin and analogues)
0338-5002-41,1665021,J01DD,Third-generation cephalosporins
0338-3552-48,1807508,A07AA,Antibiotics
0206-8860-02,1659134,J01CR,"Combinations of penicillins, incl. beta-lactamase inhibitors"
0206-8862-02,1659151,J01CR,"Combinations of penicillins, incl. beta-lactamase inhibitors"
44567-0235-25,1659283,J01DD,Third-generation cephalosporins
57896-0421-01,1099279,A06AA,"Softeners, emollients"
0603-1554-04,1867544,B05XA,Electrolyte solutions
60687-0406-77,1049604,N02AA,Natural opium alkaloids
0338-0049-31,1807631,B05XA,Electrolyte solutions
70710-1344-01,577348,N05CH,Melatonin receptor agonists
0904-6730-61,198440,N02BE,Anilides
0574-7050-12,198509,A06AB,Contact laxatives
0409-2723-01,1659263,B01AB,Heparin group
0904-6407-61,308753,A06AB,Contact laxatives
70436-0021-82,1807513,A07AA,Antibiotics
0173-0682-20,859088,R03AC,Selective beta-2-adrenoreceptor agonists
0904-6998-80,1115005,A06AA,"Softeners, emollients"
0121-1276-00,996520,R05DA,Opium alkaloids and derivatives
68084-0346-01,979485,C09CA,"Angiotensin II receptor blockers (ARBs), plain"
0904-6553-04,311347,J01XX,Other antibacterials
0517-4201-25,995270,N05BB,Diphenylmethane derivatives
0409-3795-01,1665461,M01AB,Acetic acid derivatives and related substances
0409-1312-30,1724644,N02AA,Natural opium alkaloids
49502-0500-02,727347,C01CA,Adrenergic and dopaminergic agents
24090-0471-88,856571,C07AA,"Beta blocking agents, non-selective"
51079-0023-20,197979,C03BA,"Sulfonamides, plain"
63323-0258-03,1743704,H02AB,Glucocorticoids
51079-0279-20,856519,C07AA,"Beta blocking agents, non-selective"
51079-0524-20,198052,A04AA,Serotonin (5HT3) antagonists
51079-0980-20,198222,C03DA,Aldosterone antagonists
60505-2604-00,854876,N05CF,Benzodiazepine related drugs
0641-6080-25,1740467,A04AA,Serotonin (5HT3) antagonists
0338-5197-41,199739,A02BA,H2-receptor antagonists
0904-6373-61,312845,N04BC,Dopamine agonists
0338-0023-04,1795481,B05BA,Solutions for parenteral nutrition
0172-5728-60,310273,A02BA,H2-receptor antagonists
0173-0719-20,896001,D07AC,"Corticosteroids, potent (group III)"
0904-6667-61,310432,N02BF,Gabapentinoids
0904-6808-61,200224,R03DC,Leukotriene receptor antagonists
0904-6564-61,197397,R05DB,Other cough suppressants
51079-0771-20,686924,C07AG,Alpha and beta blocking agents
60687-0443-01,856377,N06AX,Other antidepressants
51079-0051-20,314200,A02BC,Proton pump inhibitors
0536-1008-36,318272,A01AD,Other agents for local oral treatment
0904-6293-04,259255,C10AA,HMG CoA reductase inhibitors
62584-0265-01,866924,C07AB,"Beta blocking agents, selective"
0904-5959-61,197518,J01FF,Lincosamides
0338-0807-04,615111,B05CX,Other irrigating solutions
0338-1301-48,1665088,J01DE,Fourth-generation cephalosporins
50111-0433-01,856377,N06AX,Other antidepressants
43598-0204-51,617322,J01CR,"Combinations of penicillins, incl. beta-lactamase inhibitors"
59762-4921-01,198038,C01DA,Organic nitrates
59762-3304-03,198039,C01DA,Organic nitrates
60569-0495-01,210961,A12CC,Magnesium
0904-6474-61,314200,A02BC,Proton pump inhibitors
68084-0762-01,310431,N02BF,Gabapentinoids
64980-0104-01,656742,B05XA,Electrolyte solutions
0406-0512-62,1049221,N02AJ,Opioids in combination with non-opioid analgesics
0409-1178-30,861529,N02AB,Phenylpiperidine derivatives
0517-4605-25,238212,D11AA,Antihidrotics
63323-0269-65,1808219,N01AX,Other general anesthetics
0338-0049-38,1807632,B05XA,Electrolyte solutions
0781-3452-95,313920,J01DB,First-generation cephalosporins
0338-1051-02,1868494,C01DA,Organic nitrates
0338-0017-02,1795610,B05BA,Solutions for parenteral nutrition
0713-0165-50,209363,N02BE,Anilides
0338-0703-41,1860466,B05XA,Electrolyte solutions
63739-0272-01,308416,N02BA,Salicylic acid and derivatives
0310-0752-39,859753,C10AA,HMG CoA reductase inhibitors
17714-0011-10,198467,N02BA,Salicylic acid and derivatives
0378-0032-01,866514,C07AB,"Beta blocking agents, selective"
10432-0170-02,209638,A11CC,Vitamin D and analogues
0409-4911-34,1190546,A03BA,"Belladonna alkaloids, tertiary amines"
62175-0119-37,353538,C01DA,Organic nitrates
68016-0011-29,212033,A01AD,Other agents for local oral treatment
51079-0644-20,828348,M03BX,Other centrally acting agents
60505-6146-04,1665093,J01DE,Fourth-generation cephalosporins
68084-0774-01,310432,N02BF,Gabapentinoids
43547-0270-10,314208,N04BC,Dopamine agonists
0299-3820-60,605730,D06BX,Other chemotherapeutics
0173-0682-24,801095,R03AC,Selective beta-2-adrenoreceptor agonists
0338-1019-48,1721460,J01CF,Beta-lactamase resistant penicillins
0904-6554-61,856377,N06AX,Other antidepressants
63824-0175-63,1373128,R05DA,Opium alkaloids and derivatives
0904-6324-61,866412,C07AB,"Beta blocking agents, selective"
25021-0143-30,1659598,J01CR,"Combinations of penicillins, incl. beta-lactamase inhibitors"
0338-0049-02,1807633,B05XA,Electrolyte solutions
47781-0598-91,1807516,A07AA,Antibiotics
0409-7332-01,1665021,J01DD,Third-generation cephalosporins
63323-0871-15,403920,J01XX,Other antibacterials
0904-6300-61,686924,C07AG,Alpha and beta blocking agents
25021-0402-01,1361615,B01AB,Heparin group
0904-6008-61,197901,N05BA,Benzodiazepine derivatives
76329-3301-01,727517,B05CX,Other irrigating solutions
0378-6997-89,724590,R01AX,Other nasal preparations
66553-0001-01,212033,A01AD,Other agents for local oral treatment
51079-0930-20,200031,C07AG,Alpha and beta blocking agents
63323-0492-57,1737567,N01BB,Amides
0904-6828-94,1049604,N02AA,Natural opium alkaloids
51079-0007-20,198051,A02BC,Proton pump inhibitors
0591-0407-01,314076,C09AA,"ACE inhibitors, plain"
51079-0801-20,866514,C07AB,"Beta blocking agents, selective"
0169-3687-12,616238,A10AE,"Insulins and analogues for injection, long-acting"
0143-1290-01,197943,M03BA,Carbamic acid esters
66553-0004-01,308907,A02AC,Calcium compounds
76045-0009-05,1872752,N02AA,Natural opium alkaloids
0169-7501-11,351926,A10AB,"Insulins and analogues for injection, fast-acting"
70860-0104-10,1807516,A07AA,Antibiotics
0409-7335-03,1665046,J01DD,Third-generation cephalosporins
0121-1488-00,310604,R05CA,Expectorants
25021-0179-15,1996246,J01XX,Other antibacterials
0904-6665-61,310430,N02BF,Gabapentinoids
50268-0278-15,1649988,J01AA,Tetracyclines
60505-0829-01,1797907,R01AD,Corticosteroids
0409-1890-01,1729197,N02AA,Natural opium alkaloids
0904-6374-61,314208,N04BC,Dopamine agonists
0904-3865-75,707381,R01AX,Other nasal preparations
60687-0424-01,311681,P01AB,Nitroimidazole derivatives
0904-6666-61,310431,N02BF,Gabapentinoids
70000-0323-01,998461,D01AC,Imidazole and triazole derivatives
65862-0202-30,979492,C09CA,"Angiotensin II receptor blockers (ARBs), plain"
45802-0059-11,543546,D01AA,Antibiotics
0264-3103-11,1665050,J01DB,First-generation cephalosporins
17714-0020-01,1049909,R06AA,Aminoalkyl ethers
0641-0376-25,1049633,R06AA,Aminoalkyl ethers
63323-0369-20,1659598,J01CR,"Combinations of penicillins, incl. beta-lactamase inhibitors"
44567-0621-24,2117608,A12AA,Calcium
51645-0905-99,313323,A11DA,"Vitamin B1, plain"
0703-3321-04,312070,H01CB,Somatostatin and analogues
0338-0017-03,1795607,B05BA,Solutions for parenteral nutrition
0409-6653-05,1860139,B05XA,Electrolyte solutions
0904-5677-61,1738495,N06AB,Selective serotonin reuptake inhibitors
10006-0700-28,198741,A02AA,Magnesium compounds
69339-0138-19,834127,A01AB,Antiinfectives and antiseptics for local oral treatment
0228-2127-10,884173,C02AC,Imidazoline receptor agonists
0409-6729-23,1658262,B05XA,Electrolyte solutions
0338-0017-31,1795616,B05BA,Solutions for parenteral nutrition
43598-0405-16,1670192,B02BA,Vitamin K
0409-7295-01,1928569,B05XA,Electrolyte solutions
63323-0170-15,1872384,B05XA,Electrolyte solutions
0574-0275-11,628953,B05XA,Electrolyte solutions
0641-0477-25,312370,N03AA,Barbiturates and derivatives
69238-1617-08,1867544,B05XA,Electrolyte solutions
63323-0170-05,1872443,B05XA,Electrolyte solutions
51079-0169-20,866427,C07AB,"Beta blocking agents, selective"
44567-0420-24,1658259,B05XA,Electrolyte solutions
58914-0171-10,208097,A02BX,Other drugs for peptic ulcer and gastro-oesophageal reflux disease (GORD)
0904-6377-61,312078,N05AH,"Diazepines, oxazepines, thiazepines and oxepines"
0904-6638-61,312744,N05AH,"Diazepines, oxazepines, thiazepines and oxepines"
54643-5649-01,1304564,A11DA,"Vitamin B1, plain"
24201-0100-24,483017,N02BE,Anilides
43598-0447-74,198029,N07BA,Drugs used in nicotine dependence
16729-0239-93,309710,N05CM,Other hypnotics and sedatives
0143-9284-10,283669,A02BC,Proton pump inhibitors
62584-0897-01,310410,B03BB,Folic acid and derivatives
25021-0673-76,1549447,D04AB,Anesthetics for topical use
0904-0523-61,282402,A11GA,"Ascorbic acid (vitamin C), plain"
0409-6102-02,1719290,C03CA,"Sulfonamides, plain"
0781-3208-95,1665021,J01DD,Third-generation cephalosporins
63323-0965-20,1860139,B05XA,Electrolyte solutions
0456-3210-63,996563,N06DX,Other anti-dementia drugs
0143-9681-25,1731590,D11AA,Antihidrotics
24208-0910-19,310149,S01AA,Antibiotics
0409-6651-06,1860136,B05XA,Electrolyte solutions
42858-0301-25,897696,N02AA,Natural opium alkaloids
68084-0099-01,617311,C10AA,HMG CoA reductase inhibitors
68180-0353-09,312938,N06AB,Selective serotonin reuptake inhibitors
63323-0569-90,854245,B01AB,Heparin group
0143-9570-10,242761,B03AB,"Iron trivalent, oral preparations"
0904-6292-61,617311,C10AA,HMG CoA reductase inhibitors
68084-0181-01,312941,N06AB,Selective serotonin reuptake inhibitors
68084-0098-01,617310,C10AA,HMG CoA reductase inhibitors
60687-0242-01,312941,N06AB,Selective serotonin reuptake inhibitors
0904-5306-61,1049909,R06AA,Aminoalkyl ethers
51991-0759-33,200064,L02BG,Aromatase inhibitors
63323-0161-01,860092,M01AB,Acetic acid derivatives and related substances
62584-0984-01,855302,B01AA,Vitamin K antagonists
63323-0568-83,854228,B01AB,Heparin group
60687-0253-01,312938,N06AB,Selective serotonin reuptake inhibitors
60687-0454-01,856373,N06AX,Other antidepressants
63323-0535-01,854235,B01AB,Heparin group
76045-0004-10,998212,N02AA,Natural opium alkaloids
65649-0551-02,979115,A06AH,Peripheral opioid receptor antagonists
0172-3925-60,197590,N05BA,Benzodiazepine derivatives
68084-0354-01,1049621,N02AA,Natural opium alkaloids
68084-0396-65,238154,N02BE,Anilides
68084-0230-01,198335,J01EC,Intermediate-acting sulfonamides
69543-0379-10,1867544,B05XA,Electrolyte solutions
63323-0314-61,239209,A07AA,Antibiotics
0409-4332-01,1807516,A07AA,Antibiotics
51079-0966-20,310273,A02BA,H2-receptor antagonists
0338-0709-48,312507,B05XA,Electrolyte solutions
0168-0003-80,1085644,A01AC,Corticosteroids for local oral treatment
0168-0357-55,197877,N01BB,Amides
10370-0101-03,993541,N06AX,Other antidepressants
49884-0161-11,313919,H05BA,Calcitonin preparations
51079-0991-20,835603,N02AX,Other opioids
0338-0089-04,1795346,B05BB,Solutions affecting the electrolyte balance
0597-0075-75,580261,R03BB,Anticholinergics
63323-0221-10,1807516,A07AA,Antibiotics
0338-1007-02,1743877,C01CA,Adrenergic and dopaminergic agents
68516-5214-02,1741424,B05AA,Blood substitutes and plasma protein fractions
59762-3060-03,308460,J01FA,Macrolides
68084-0060-01,311354,C09AA,"ACE inhibitors, plain"
51079-0086-20,311725,N06AX,Other antidepressants
0338-0431-03,1658692,B01AB,Heparin group
0409-1778-05,866508,C07AB,"Beta blocking agents, selective"
0143-9938-01,308182,J01CA,Penicillins with extended spectrum
68084-0447-01,905199,C02DB,Hydrazinophthalazine derivatives
0641-6142-25,1666372,C01CA,Adrenergic and dopaminergic agents
0186-0777-39,1116639,B01AC,Platelet aggregation inhibitors excl. heparin
51079-0863-20,308963,C09AA,"ACE inhibitors, plain"
51079-0558-03,749196,B01AC,Platelet aggregation inhibitors excl. heparin
55150-0154-10,1734932,J05AB,Nucleosides and nucleotides excl. reverse transcriptase inhibitors
0406-1142-01,1091497,N06BA,Centrally acting sympathomimetics
51672-4001-01,198045,N06AA,Non-selective monoamine reuptake inhibitors
68462-0157-13,104894,A04AA,Serotonin (5HT3) antagonists
43547-0406-10,197527,N03AE,Benzodiazepine derivatives
0338-0125-04,847627,A12AA,Calcium
60687-0293-01,317136,N06AA,Non-selective monoamine reuptake inhibitors
0904-6357-61,312828,N05AX,Other antipsychotics
0603-2544-21,238154,N02BE,Anilides
57664-0377-08,835603,N02AX,Other opioids
0338-0675-04,615100,B05CX,Other irrigating solutions
0641-6117-10,1659598,J01CR,"Combinations of penicillins, incl. beta-lactamase inhibitors"
51079-0451-20,197361,C08CA,Dihydropyridine derivatives
0904-6370-61,197361,C08CA,Dihydropyridine derivatives
67457-0554-00,1658262,B05XA,Electrolyte solutions
42858-0301-01,897696,N02AA,Natural opium alkaloids
0641-6135-25,314192,N05AB,Phenothiazines with piperazine structure
68084-0676-01,311666,A03FA,Propulsives
0904-6323-61,866436,C07AB,"Beta blocking agents, selective"
0904-5853-61,197805,M01AE,Propionic acid derivatives
66685-1002-02,617296,J01CR,"Combinations of penicillins, incl. beta-lactamase inhibitors"
0904-6302-61,200032,C07AG,Alpha and beta blocking agents
51079-0103-20,313096,C03DA,Aldosterone antagonists
36000-0284-25,1719286,C03CA,"Sulfonamides, plain"
50268-0756-15,198371,C03CA,"Sulfonamides, plain"
0904-6449-61,317110,C01DA,Organic nitrates
51079-0075-20,905225,C02DB,Hydrazinophthalazine derivatives
59011-0410-20,1049504,N02AA,Natural opium alkaloids
0904-6467-07,749196,B01AC,Platelet aggregation inhibitors excl. heparin
64980-0324-30,1440936,D07AA,"Corticosteroids, weak (group I)"
51079-0074-20,905199,C02DB,Hydrazinophthalazine derivatives
60687-0145-01,312615,H02AB,Glucocorticoids
0168-0012-31,204602,D06AX,Other antibiotics for topical use
60687-0328-65,749206,V03AE,Drugs for treatment of hyperkalemia and hyperphosphatemia
45802-0174-53,311498,M02AC,Preparations with salicylic acid derivatives
23155-0003-01,905395,C02DB,Hydrazinophthalazine derivatives
68084-0269-01,979092,P01BA,Aminoquinolines
0185-5050-01,197979,C03BA,"Sulfonamides, plain"
17478-0934-15,966571,C02DB,Hydrazinophthalazine derivatives
42291-0256-11,855633,M02AA,"Antiinflammatory preparations, non-steroids for topical use"
55150-0323-25,1719291,C03CA,"Sulfonamides, plain"
70594-0048-01,239209,A07AA,Antibiotics
36000-0282-25,1719290,C03CA,"Sulfonamides, plain"
25021-0311-10,1719286,C03CA,"Sulfonamides, plain"
60687-0229-01,978006,A07DA,Antipropulsives
70436-0050-06,242462,B01AC,Platelet aggregation inhibitors excl. heparin
61924-0188-08,617666,D06AX,Other antibiotics for topical use
0904-6255-49,824574,R02AD,"Anesthetics, local"
0245-5316-01,628958,B05XA,Electrolyte solutions
54458-0323-44,245500,A11CC,Vitamin D and analogues
60687-0595-01,310273,A02BA,H2-receptor antagonists
0121-4766-05,308891,A02AC,Calcium compounds
0904-6551-61,198052,A04AA,Serotonin (5HT3) antagonists
0165-0022-41,210958,A02AA,Magnesium compounds
0143-9897-01,309114,J01DB,First-generation cephalosporins
63323-0540-36,1361226,B01AB,Heparin group
0338-6346-03,1795607,B05BA,Solutions for parenteral nutrition
63323-0616-03,1663224,C01BD,"Antiarrhythmics, class III"
0338-0017-38,1795609,B05BA,Solutions for parenteral nutrition
24338-0122-13,206075,J01FA,Macrolides
25021-0806-01,1719646,N05AD,Butyrophenone derivatives
51079-0906-20,833528,C01BD,"Antiarrhythmics, class III"
50383-0565-10,866042,A01AB,Antiinfectives and antiseptics for local oral treatment
11017-0250-30,998461,D01AC,Imidazole and triazole derivatives
0641-6014-10,1791232,C08DB,Benzothiazepine derivatives
10019-0075-87,979434,C07AB,"Beta blocking agents, selective"
0944-0493-02,1742403,B05AA,Blood substitutes and plasma protein fractions
0409-9093-32,1735003,N01AH,Opioid anesthetics
0363-0693-38,1052760,A06AD,Osmotically acting laxatives
0904-6084-61,283672,N06AB,Selective serotonin reuptake inhibitors
0409-4755-03,1740467,A04AA,Serotonin (5HT3) antagonists
0378-0018-05,866924,C07AB,"Beta blocking agents, selective"
0409-4688-23,1721315,J02AC,Triazole and tetrazole derivatives
0641-1410-35,104208,C01AA,Digitalis glycosides
0338-0017-10,1795618,B05BA,Solutions for parenteral nutrition
63323-0658-20,484152,C03AA,"Thiazides, plain"
0469-3211-10,861385,J02AX,Other antimycotics for systemic use
0143-9673-10,647121,N03AX,Other antiepileptics
0172-5413-60,197700,J02AC,Triazole and tetrazole derivatives
0574-7045-12,312104,A03CB,Belladonna and derivatives in combination with psycholeptics
0731-0401-06,313773,A12CB,Zinc
42023-0164-25,2103184,H01BA,Vasopressin and analogues
0409-2305-17,1666798,N05CD,Benzodiazepine derivatives
44206-0310-50,1741903,B05AA,Blood substitutes and plasma protein fractions
64764-0544-11,866152,A02BC,Proton pump inhibitors
0143-9875-10,1663224,C01BD,"Antiarrhythmics, class III"
0409-6102-10,1719286,C03CA,"Sulfonamides, plain"
51079-0747-20,831102,C05AE,Muscle relaxants
50474-0595-40,261336,N03AX,Other antiepileptics
13107-0001-30,476809,N06AX,Other antidepressants
68084-0617-01,349332,N06AB,Selective serotonin reuptake inhibitors
51079-0024-20,311671,C03BA,"Sulfonamides, plain"
51079-0450-20,308136,C08CA,Dihydropyridine derivatives
0187-1704-05,207839,B02BA,Vitamin K
37000-0740-92,1992418,A06AC,Bulk-forming laxatives
65649-0201-75,800918,A11GA,"Ascorbic acid (vitamin C), plain"
51079-0527-20,197732,C03CA,"Sulfonamides, plain"
17478-0711-10,1011852,D04AB,Anesthetics for topical use
50458-0580-10,1114202,B01AF,Direct factor Xa inhibitors
0781-5701-92,979492,C09CA,"Angiotensin II receptor blockers (ARBs), plain"
47781-0307-01,311995,J01XE,Nitrofuran derivatives
68084-0319-01,198427,N03AX,Other antiepileptics
0591-3159-01,858747,A05AA,Bile acids and derivatives
0264-7510-10,1795607,B05BA,Solutions for parenteral nutrition
67457-0228-10,1234995,M03AC,Other quaternary ammonium compounds
63323-0130-11,544840,J01AA,Tetracyclines
0781-3209-95,1665046,J01DD,Third-generation cephalosporins
63323-0540-11,1361226,B01AB,Heparin group
0904-2920-61,897683,C08DA,Phenylalkylamine derivatives
63323-0508-30,1722939,J01DH,Carbapenems
0409-3375-04,209217,C01CA,Adrenergic and dopaminergic agents
0115-7033-01,313979,H02AA,Mineralocorticoids
25021-0121-20,1665093,J01DE,Fourth-generation cephalosporins
60505-0752-04,1665021,J01DD,Third-generation cephalosporins
67457-0426-12,1719646,N05AD,Butyrophenone derivatives
51079-0981-20,311354,C09AA,"ACE inhibitors, plain"
51079-0107-20,856834,N06AA,Non-selective monoamine reuptake inhibitors
60505-2519-03,200371,N06AB,Selective serotonin reuptake inhibitors
0121-0530-05,310323,B03AA,"Iron bivalent, oral preparations"
0409-4275-01,1010900,N01BB,Amides
0409-4276-01,1010033,N01BB,Amides
0781-7109-55,577057,N01AH,Opioid anesthetics
50242-0044-13,1804806,B01AD,Enzymes
37000-0024-04,880853,A06AC,Bulk-forming laxatives
0338-0017-01,1795621,B05BA,Solutions for parenteral nutrition
67919-0011-01,404652,J01XX,Other antibacterials
0781-7112-55,245135,N02AB,Phenylpiperidine derivatives
51079-0284-20,197590,N05BA,Benzodiazepine derivatives
59762-5030-01,310353,J02AC,Triazole and tetrazole derivatives
0409-7391-72,1872384,B05XA,Electrolyte solutions
52268-0100-01,966922,B05CB,Salt solutions
0409-4928-34,828527,A12AA,Calcium
0597-0087-17,836368,R01AX,Other nasal preparations
55390-0037-10,859437,M03AC,Other quaternary ammonium compounds
0338-0049-01,1807627,B05XA,Electrolyte solutions
46287-0006-60,1799654,V03AE,Drugs for treatment of hyperkalemia and hyperphosphatemia
51991-0457-57,876193,A06AD,Osmotically acting laxatives
51079-0285-20,197591,N05BA,Benzodiazepine derivatives
0223-1760-01,313009,A12CA,Sodium
63739-0225-10,314216,A03AX,Other drugs for functional gastrointestinal disorders
51079-0753-20,314234,A02BX,Other drugs for peptic ulcer and gastro-oesophageal reflux disease (GORD)
68084-0259-01,197361,C08CA,Dihydropyridine derivatives
0904-7591-61,310325,B03AA,"Iron bivalent, oral preparations"
43598-0637-10,1193360,N03AX,Other antiepileptics
47781-0586-29,896771,C07AG,Alpha and beta blocking agents
0641-6231-25,966571,C02DB,Hydrazinophthalazine derivatives
0143-9633-10,858603,C08CA,Dihydropyridine derivatives
60687-0333-01,314077,C09AA,"ACE inhibitors, plain"
0121-4839-40,1049604,N02AA,Natural opium alkaloids
0713-0109-50,209597,A06AB,Contact laxatives
51079-0058-20,197499,C03BA,"Sulfonamides, plain"
0338-3551-48,1807511,A07AA,Antibiotics
0186-6040-01,603536,A02BC,Proton pump inhibitors
0409-2267-20,896771,C07AG,Alpha and beta blocking agents
0143-9673-25,647121,N03AX,Other antiepileptics
0185-0010-01,896758,C07AG,Alpha and beta blocking agents
0641-6125-25,1732006,N02AA,Natural opium alkaloids
63323-0614-01,966571,C02DB,Hydrazinophthalazine derivatives
17856-2002-05,834127,A01AB,Antiinfectives and antiseptics for local oral treatment
51079-0864-20,317173,C09AA,"ACE inhibitors, plain"
10122-0325-10,858605,C08CA,Dihydropyridine derivatives
0409-4903-34,1012068,N01BB,Amides
0409-7517-16,727517,B05CX,Other irrigating solutions
63323-0269-29,1808225,N01AX,Other general anesthetics
63323-0474-01,1719646,N05AD,Butyrophenone derivatives
51079-0721-20,199058,L04AA,Selective immunosuppressants
51079-0810-20,310490,A10BB,Sulfonylureas
51079-0480-20,313584,N06AX,Other antidepressants
0338-0803-04,615107,B05CX,Other irrigating solutions
63323-0165-01,1812194,H02AB,Glucocorticoids
51079-0440-20,966221,H03AA,Thyroid hormones
68084-0856-01,313586,N06AX,Other antidepressants
42543-0705-90,859040,N04BC,Dopamine agonists
0591-5694-01,197985,J01AA,Tetracyclines
0409-1215-01,1659929,V03AB,Antidotes
68382-0138-14,199888,N03AX,Other antiepileptics
0182-8453-89,198440,N02BE,Anilides
0409-4713-32,1737568,N01BB,Amides
0555-0612-14,859040,N04BC,Dopamine agonists
0338-0511-41,197736,D06AX,Other antibiotics for topical use
63323-0280-04,1719291,C03CA,"Sulfonamides, plain"
50111-0434-01,856373,N06AX,Other antidepressants
0378-1803-77,966221,H03AA,Thyroid hormones
66553-0008-01,198861,A02AH,Antacids with sodium bicarbonate
68084-0502-01,904475,C10AA,HMG CoA reductase inhibitors
0904-6401-61,863669,G04CA,Alpha-adrenoreceptor antagonists
63739-0588-10,312615,H02AB,Glucocorticoids
0781-5438-20,309076,J01DD,Third-generation cephalosporins
64980-0301-30,1440936,D07AA,"Corticosteroids, weak (group I)"
49999-0251-30,543546,D01AA,Antibiotics
25021-0400-10,1361226,B01AB,Heparin group
0944-0493-01,1742401,B05AA,Blood substitutes and plasma protein fractions
63323-0377-01,312070,H01CB,Somatostatin and analogues
0132-0201-45,283100,A06AG,Enemas
51079-0453-20,993470,C01CA,Adrenergic and dopaminergic agents
65649-0303-03,856666,A07AA,Antibiotics
63323-0402-20,1664986,J01DF,Monobactams
63323-0376-01,312069,H01CB,Somatostatin and analogues
63323-0508-31,1722939,J01DH,Carbapenems
49281-0752-21,798415,V04CF,Tuberculosis diagnostics
51079-0608-20,477560,C10AB,Fibrates
67457-0292-02,1659929,V03AB,Antidotes
0517-0740-20,996828,G02AB,Ergot alkaloids
60687-0410-94,996824,G02AB,Ergot alkaloids
16864-0680-02,763484,C05AD,Local anesthetics
0168-0046-31,198601,N01BB,Amides
51079-0788-20,308047,N05BA,Benzodiazepine derivatives
51079-0767-08,1099569,N03AG,Fatty acid derivatives
0641-0367-25,309696,H02AB,Glucocorticoids
50268-0685-15,198365,N05AB,Phenothiazines with piperazine structure
0517-0901-25,966571,C02DB,Hydrazinophthalazine derivatives
51079-0733-20,310670,N05AD,Butyrophenone derivatives
60687-0295-01,856519,C07AA,"Beta blocking agents, non-selective"
51801-0012-30,1111263,A12BA,Potassium
68084-0605-01,310385,N06AB,Selective serotonin reuptake inhibitors
69097-0846-07,828348,M03BX,Other centrally acting agents
0536-2525-25,198555,M02AB,Capsaicin and similar agents
0338-3508-41,1665060,J01DB,First-generation cephalosporins
0169-1833-11,311033,A10AB,"Insulins and analogues for injection, fast-acting"
0574-7034-12,198464,A01AD,Other agents for local oral treatment
0338-0811-04,847626,A12AA,Calcium
51079-0759-20,197380,C07AB,"Beta blocking agents, selective"
59011-0420-20,1049565,N02AA,Natural opium alkaloids
0904-2821-61,863664,G04BD,Drugs for urinary frequency and incontinence
0378-9119-16,577057,N01AH,Opioid anesthetics
63323-0201-10,1010033,N01BB,Amides
50383-0779-32,391937,A06AD,Osmotically acting laxatives
51079-0442-20,892246,H03AA,Thyroid hormones
51079-0812-20,198006,C07AA,"Beta blocking agents, non-selective"
50383-0779-31,391937,A06AD,Osmotically acting laxatives
60687-0487-01,198222,C03DA,Aldosterone antagonists
60687-0381-94,198102,B02BA,Vitamin K
51079-0454-20,314231,C10AA,HMG CoA reductase inhibitors
39822-0190-01,307702,S01EC,Carbonic anhydrase inhibitors
0409-1660-10,1718910,N05CM,Other hypnotics and sedatives
0121-1744-10,310604,R05CA,Expectorants
0281-0326-08,207273,C01DA,Organic nitrates
65162-0058-27,749206,V03AE,Drugs for treatment of hyperkalemia and hyperphosphatemia
55513-0267-10,205921,B03XA,Other antianemic preparations
0603-5338-21,198145,H02AB,Glucocorticoids
60687-0398-01,993470,C01CA,Adrenergic and dopaminergic agents
68084-0511-01,314231,C10AA,HMG CoA reductase inhibitors
0409-2721-01,1658637,B01AB,Heparin group
0409-7811-24,311683,J01XD,Imidazole derivatives
0338-0017-11,1795616,B05BA,Solutions for parenteral nutrition
0143-9501-25,1719646,N05AD,Butyrophenone derivatives
44567-0621-01,2117608,A12AA,Calcium
58468-0132-02,861377,V03AE,Drugs for treatment of hyperkalemia and hyperphosphatemia
58790-0002-28,998666,S01XA,Other ophthalmologicals
59676-0340-01,213475,B03XA,Other antianemic preparations
0703-3311-04,312069,H01CB,Somatostatin and analogues
64764-0119-07,858071,M04AC,Preparations with no effect on uric acid metabolism
44567-0236-10,1659287,J01DD,Third-generation cephalosporins
25021-0453-01,312070,H01CB,Somatostatin and analogues
0944-0495-05,1741986,B05AA,Blood substitutes and plasma protein fractions
50383-0775-17,1010739,N01BB,Amides
64380-0737-06,1367410,A11CC,Vitamin D and analogues
68382-0772-77,351260,A02BC,Proton pump inhibitors
0904-0525-60,308384,A11GA,"Ascorbic acid (vitamin C), plain"
69918-0899-10,1723232,H01BA,Vasopressin and analogues
63824-0722-83,1235477,R02AD,"Anesthetics, local"
57896-0791-01,314216,A03AX,Other drugs for functional gastrointestinal disorders
63739-0544-10,313096,C03DA,Aldosterone antagonists
68180-0351-09,312940,N06AB,Selective serotonin reuptake inhibitors
0904-6082-61,854876,N05CF,Benzodiazepine related drugs
59746-0306-32,314155,N05AH,"Diazepines, oxazepines, thiazepines and oxepines"
51079-0690-20,978006,A07DA,Antipropulsives
0338-0507-41,1870633,D06AX,Other antibiotics for topical use
68084-0082-01,381056,C01DA,Organic nitrates
63323-0280-02,1719290,C03CA,"Sulfonamides, plain"
0904-0201-61,856834,N06AA,Non-selective monoamine reuptake inhibitors
66685-1001-01,562508,J01CR,"Combinations of penicillins, incl. beta-lactamase inhibitors"
0143-9873-10,866508,C07AB,"Beta blocking agents, selective"
0472-0321-26,106258,D07AA,"Corticosteroids, weak (group I)"
51079-0905-20,855671,N03AB,Hydantoin derivatives
0168-0146-30,103401,D07AA,"Corticosteroids, weak (group I)"
68084-0254-01,995258,N05BB,Diphenylmethane derivatives
41167-4131-02,997502,R06AX,Other antihistamines for systemic use
0641-0476-25,198368,N03AA,Barbiturates and derivatives
0641-0493-25,1670351,N03AB,Hydantoin derivatives
0173-0696-04,896190,R03AK,"Adrenergics in combination with corticosteroids or other drugs, excl. anticholinergics"
51079-0597-20,1014678,R06AE,Piperazine derivatives
0597-0024-02,1190225,R03AL,Adrenergics in combination with anticholinergics incl. triple combinations with corticosteroids
0409-4277-01,1010671,N01BB,Amides
0173-0642-55,105018,N03AX,Other antiepileptics
62584-0713-01,197320,M04AA,Preparations inhibiting uric acid production
51672-1258-02,861495,D07AD,"Corticosteroids, very potent (group IV)"
68462-0330-90,859033,N04BC,Dopamine agonists
0832-1212-01,855306,B01AA,Vitamin K antagonists
0832-1216-01,855336,B01AA,Vitamin K antagonists
71288-0402-11,1361226,B01AB,Heparin group
0904-6617-61,995258,N05BB,Diphenylmethane derivatives
0955-1052-90,861375,V03AE,Drugs for treatment of hyperkalemia and hyperphosphatemia
51079-0932-20,200033,C07AG,Alpha and beta blocking agents
0904-6575-61,199167,N03AA,Barbiturates and derivatives
68382-0196-16,859033,N04BC,Dopamine agonists
0131-2477-60,810002,N03AX,Other antiepileptics
69315-0904-01,197900,N05BA,Benzodiazepine derivatives
0603-5168-21,199164,N03AA,Barbiturates and derivatives
47781-0303-01,1648755,J01XE,Nitrofuran derivatives
0131-1810-67,809984,N03AX,Other antiepileptics
0131-2480-60,809998,N03AX,Other antiepileptics
50268-0152-15,309114,J01DB,First-generation cephalosporins
50484-0010-30,1149617,D03BA,Proteolytic enzymes
62856-0272-30,1356563,N03AX,Other antiepileptics
51079-0882-20,197528,N03AE,Benzodiazepine derivatives
63739-0645-10,310273,A02BA,H2-receptor antagonists
0904-6798-61,314076,C09AA,"ACE inhibitors, plain"
0131-2479-60,809994,N03AX,Other antiepileptics
31722-0537-12,311289,N03AX,Other antiepileptics
0173-0695-04,896165,R03AK,"Adrenergics in combination with corticosteroids or other drugs, excl. anticholinergics"
63739-0486-10,995258,N05BB,Diphenylmethane derivatives
69315-0905-05,197901,N05BA,Benzodiazepine derivatives
51079-0161-20,993781,N02BE,Anilides
44567-0211-10,1659598,J01CR,"Combinations of penicillins, incl. beta-lactamase inhibitors"
10702-0036-15,2101899,V03AE,Drugs for treatment of hyperkalemia and hyperphosphatemia
69238-1535-02,1366192,N05BA,Benzodiazepine derivatives
45802-0580-84,226552,N05CM,Other hypnotics and sedatives
47781-0617-91,1234995,M03AC,Other quaternary ammonium compounds
51224-0013-10,647121,N03AX,Other antiepileptics
0409-3414-01,311670,A03FA,Propulsives
63323-0694-04,307719,R05CB,Mucolytics
13517-0107-16,702519,N03AA,Barbiturates and derivatives
0832-1213-01,855316,B01AA,Vitamin K antagonists
0409-4699-30,1808224,N01AX,Other general anesthetics
0143-9785-10,1099648,N03AG,Fatty acid derivatives
67457-0350-10,1721474,J01CA,Penicillins with extended spectrum
51079-0886-20,311668,A03FA,Propulsives
51991-0651-16,403884,N03AX,Other antiepileptics
0409-6695-01,1654009,N01AX,Other general anesthetics
63323-0426-05,1234995,M03AC,Other quaternary ammonium compounds
71288-0005-20,1659592,J01CR,"Combinations of penicillins, incl. beta-lactamase inhibitors"
60687-0423-21,199450,N05BA,Benzodiazepine derivatives
50268-0860-15,199083,A11GA,"Ascorbic acid (vitamin C), plain"
0904-6305-21,198776,N01BX,Other local anesthetics
13668-0092-90,859040,N04BC,Dopamine agonists
64679-0759-03,1719286,C03CA,"Sulfonamides, plain"
0409-6510-01,239209,A07AA,Antibiotics
55150-0207-20,1722934,J01DH,Carbapenems
63323-0533-83,854228,B01AB,Heparin group
0378-1430-77,858616,C08CA,Dihydropyridine derivatives
67286-0812-01,858609,C08CA,Dihydropyridine derivatives
0904-6819-07,993462,C01CA,Adrenergic and dopaminergic agents
0338-0048-02,486515,B05CB,Salt solutions
63323-0221-38,1807516,A07AA,Antibiotics
77333-0983-10,313773,A12CB,Zinc
63323-0360-19,1668250,A12AA,Calcium
0904-6369-61,308136,C08CA,Dihydropyridine derivatives
0536-1134-28,998483,D01AC,Imidazole and triazole derivatives
0121-0638-10,996520,R05DA,Opium alkaloids and derivatives
0121-1775-05,995868,R05DA,Opium alkaloids and derivatives
0378-0872-99,998675,C02AC,Imidazoline receptor agonists
0338-0409-03,1737744,N01BB,Amides
14789-0109-10,312507,B05XA,Electrolyte solutions
0143-9660-10,866508,C07AB,"Beta blocking agents, selective"
68084-0654-01,1923426,C07AA,"Beta blocking agents, non-selective"
0527-4108-37,1362712,C01BB,"Antiarrhythmics, class Ib"
0264-7800-20,1807633,B05XA,Electrolyte solutions
67457-0153-03,1663224,C01BD,"Antiarrhythmics, class III"
43547-0402-10,313988,C03CA,"Sulfonamides, plain"
76329-3390-01,1012068,N01BB,Amides
51672-4025-04,833528,C01BD,"Antiarrhythmics, class III"
55150-0168-30,1725082,N01BB,Amides
51079-0210-20,617311,C10AA,HMG CoA reductase inhibitors
16729-0182-01,429503,C03AA,"Thiazides, plain"
51079-0982-20,314076,C09AA,"ACE inhibitors, plain"
62584-0733-01,905225,C02DB,Hydrazinophthalazine derivatives
0185-0210-01,197941,H03BB,Sulfur-containing imidazole derivatives
0469-0607-73,261134,L04AD,Calcineurin inhibitors
0469-0617-11,108513,L04AD,Calcineurin inhibitors
0781-2102-01,313190,L04AD,Calcineurin inhibitors
0338-6010-48,1791840,C01CE,Phosphodiesterase inhibitors
63304-0520-20,309076,J01DD,Third-generation cephalosporins
51672-4023-01,197304,S01EC,Carbonic anhydrase inhibitors
59148-0020-50,849831,C03XA,Vasopressin antagonists
0781-2103-01,198377,L04AD,Calcineurin inhibitors
0338-3503-41,1665050,J01DB,First-generation cephalosporins
50268-0728-15,198334,J01EC,Intermediate-acting sulfonamides
43199-0011-01,1046982,A03BA,"Belladonna alkaloids, tertiary amines"
0904-0523-60,282402,A11GA,"Ascorbic acid (vitamin C), plain"
0904-6951-61,966222,H03AA,Thyroid hormones
68180-0485-09,904458,C10AA,HMG CoA reductase inhibitors
0904-5053-59,1049162,R01BA,Sympathomimetics
68462-0102-30,197698,J02AC,Triazole and tetrazole derivatives
10019-0553-02,351875,N05CM,Other hypnotics and sedatives
0781-2076-01,863669,G04CA,Alpha-adrenoreceptor antagonists
61314-0547-01,314072,S01EE,Prostaglandin analogues
68084-0501-01,904467,C10AA,HMG CoA reductase inhibitors
61314-0637-05,1376336,S01BA,"Corticosteroids, plain"
0378-2072-01,311353,C09AA,"ACE inhibitors, plain"
51079-0890-20,198202,J04AB,Antibiotics
42023-0159-25,1660016,C01CA,Adrenergic and dopaminergic agents
45802-0112-22,106346,D06AX,Other antibiotics for topical use
63323-0229-05,1796672,V03AB,Antidotes
0406-8515-01,1049611,N02AA,Natural opium alkaloids
68084-0808-01,835603,N02AX,Other opioids
51079-0793-20,198013,M01AE,Propionic acid derivatives
55390-0077-10,314192,N05AB,Phenothiazines with piperazine structure
0409-3178-01,1010751,N01BB,Amides
0338-0023-02,1795480,B05BA,Solutions for parenteral nutrition
60505-6147-04,1665088,J01DE,Fourth-generation cephalosporins
0781-3156-95,483017,N02BE,Anilides
45802-0580-62,226552,N05CM,Other hypnotics and sedatives
14789-0107-05,1860466,B05XA,Electrolyte solutions
0517-4602-25,1731590,D11AA,Antihidrotics
0409-9094-22,1735003,N01AH,Opioid anesthetics
0832-1211-01,855292,B01AA,Vitamin K antagonists
65862-0096-20,309078,J01DD,Third-generation cephalosporins
60687-0450-01,896762,C07AG,Alpha and beta blocking agents
76204-0200-30,630208,R03AC,Selective beta-2-adrenoreceptor agonists
0904-6426-61,349332,N06AB,Selective serotonin reuptake inhibitors
0904-6585-61,993518,N06AX,Other antidepressants
68180-0512-01,311353,C09AA,"ACE inhibitors, plain"
0641-6188-10,1232651,C01CA,Adrenergic and dopaminergic agents
0904-6783-70,308416,N02BA,Salicylic acid and derivatives
48433-0108-01,313323,A11DA,"Vitamin B1, plain"
50268-0314-15,310346,G04CB,Testosterone-5-alpha reductase inhibitors
68094-0108-59,1250685,A07DA,Antipropulsives
0904-6322-61,866427,C07AB,"Beta blocking agents, selective"
77333-0948-10,309263,A11CC,Vitamin D and analogues
42023-0164-10,2103184,H01BA,Vasopressin and analogues
43598-0561-78,351260,A02BC,Proton pump inhibitors
17478-0711-31,1011852,D04AB,Anesthetics for topical use
48433-0219-40,702311,A06AB,Contact laxatives
0904-5522-61,197625,C02CA,Alpha-adrenoreceptor antagonists
0206-8861-02,1659139,J01CR,"Combinations of penicillins, incl. beta-lactamase inhibitors"
0904-6717-61,1014678,R06AE,Piperazine derivatives
68084-0196-01,311354,C09AA,"ACE inhibitors, plain"
0904-6291-61,617310,C10AA,HMG CoA reductase inhibitors
67457-0339-50,1807516,A07AA,Antibiotics
0781-3289-09,309335,D10AF,Antiinfectives for treatment of acne
23155-0118-01,308867,A11CC,Vitamin D and analogues
59390-0067-17,998501,A01AB,Antiinfectives and antiseptics for local oral treatment
0168-0004-80,1014314,D07AB,"Corticosteroids, moderately potent (group II)"
0338-0691-04,637551,B05BB,Solutions affecting the electrolyte balance
51079-0873-20,310537,A10BB,Sulfonylureas
0409-2720-02,1361226,B01AB,Heparin group
0310-1110-01,2053927,V03AE,Drugs for treatment of hyperkalemia and hyperphosphatemia
63323-0664-01,1723740,R06AA,Aminoalkyl ethers
55513-0126-10,205917,B03XA,Other antianemic preparations
0409-3365-01,1724276,N02AA,Natural opium alkaloids
63323-0485-27,1010035,N01BB,Amides
0904-5785-61,310385,N06AB,Selective serotonin reuptake inhibitors
51079-0923-20,308989,N04BA,Dopa and dopa derivatives
63323-0482-01,1010755,N01BB,Amides
60687-0389-21,197541,M04AC,Preparations with no effect on uric acid metabolism
68180-0513-01,311354,C09AA,"ACE inhibitors, plain"
68084-0479-01,359296,V03AE,Drugs for treatment of hyperkalemia and hyperphosphatemia
67457-0385-99,1361226,B01AB,Heparin group
66553-0002-01,318272,A01AD,Other agents for local oral treatment
64764-0805-10,603162,N05CH,Melatonin receptor agonists
0904-6351-61,199884,J01MA,Fluoroquinolones
61314-0227-05,1992303,C07AA,"Beta blocking agents, non-selective"
51079-0294-20,863669,G04CA,Alpha-adrenoreceptor antagonists
0310-0755-90,859426,C10AA,HMG CoA reductase inhibitors
51079-0820-20,311288,N03AX,Other antiepileptics
0781-3177-96,1659283,J01DD,Third-generation cephalosporins
63323-0162-01,1665461,M01AB,Acetic acid derivatives and related substances
55390-0073-10,866508,C07AB,"Beta blocking agents, selective"
51079-0871-01,314234,A02BX,Other drugs for peptic ulcer and gastro-oesophageal reflux disease (GORD)
51079-0881-20,197527,N03AE,Benzodiazepine derivatives
63323-0393-06,1117522,J01XB,Polymyxins
51079-0746-20,831103,C05AE,Muscle relaxants
0703-1153-03,242969,C01CA,Adrenergic and dopaminergic agents
0338-1144-03,801000,N06AX,Other antidepressants
51079-0951-20,858813,C09AA,"ACE inhibitors, plain"
0409-2308-01,1666814,N05CD,Benzodiazepine derivatives
55390-0067-10,1654169,C01EB,Other cardiac preparations
0703-1020-30,1721314,J02AC,Triazole and tetrazole derivatives
0703-9040-03,1723160,J01GB,Other aminoglycosides
49502-0500-01,727347,C01CA,Adrenergic and dopaminergic agents
0641-1397-35,1730076,N05AA,Phenothiazines with aliphatic side-chain
78112-0011-03,1101849,N01BX,Other local anesthetics
0904-5676-61,1738483,N06AB,Selective serotonin reuptake inhibitors
0781-3152-95,199211,M03AC,Other quaternary ammonium compounds
63323-0241-20,1423812,B05XA,Electrolyte solutions
0121-4785-05,312055,A07AA,Antibiotics
0517-0031-25,309594,B03BA,Vitamin B12 (cyanocobalamin and analogues)
50268-0061-15,197311,J05AB,Nucleosides and nucleotides excl. reverse transcriptase inhibitors
0904-6501-61,197700,J02AC,Triazole and tetrazole derivatives
68084-0284-01,197797,L01XX,Other antineoplastic agents
0143-9595-25,1737566,N01BB,Amides
68084-0045-01,1738495,N06AB,Selective serotonin reuptake inhibitors
0338-0509-41,310477,D06AX,Other antibiotics for topical use
0409-4777-23,1665210,J01MA,Fluoroquinolones
50383-0775-15,1010739,N01BB,Amides
51672-1259-02,861448,D07AD,"Corticosteroids, very potent (group IV)"
51079-0246-20,311372,R06AX,Other antihistamines for systemic use
68084-0446-01,1648755,J01XE,Nitrofuran derivatives
0781-5439-20,309078,J01DD,Third-generation cephalosporins
70710-1008-02,728109,J05AH,Neuraminidase inhibitors
0406-8330-62,891888,N02AA,Natural opium alkaloids
0406-8315-62,891881,N02AA,Natural opium alkaloids
0409-6482-01,1668267,J01FA,Macrolides
60505-7006-02,245134,N02AB,Phenylpiperidine derivatives
51079-0542-20,198365,N05AB,Phenothiazines with piperazine structure
25021-0132-83,1665515,J01MA,Fluoroquinolones
0641-6007-10,282486,C03CA,"Sulfonamides, plain"
47781-0587-17,866508,C07AB,"Beta blocking agents, selective"
50458-0579-10,1232088,B01AF,Direct factor Xa inhibitors
57664-0510-83,476809,N06AX,Other antidepressants
0487-9801-01,836358,R01AX,Other nasal preparations
70860-0776-02,1740467,A04AA,Serotonin (5HT3) antagonists
0378-1805-77,966222,H03AA,Thyroid hormones
17478-0030-02,1735003,N01AH,Opioid anesthetics
0904-5921-61,197604,C01AA,Digitalis glycosides
50458-0578-10,1232084,B01AF,Direct factor Xa inhibitors
0904-6376-61,314154,N05AH,"Diazepines, oxazepines, thiazepines and oxepines"
0904-5922-61,197606,C01AA,Digitalis glycosides
70860-0451-10,1115267,H03AA,Thyroid hormones
17478-0419-40,484152,C03AA,"Thiazides, plain"
0409-1638-02,284397,N05CM,Other hypnotics and sedatives
68084-0278-01,308460,J01FA,Macrolides
63323-0368-20,1659592,J01CR,"Combinations of penicillins, incl. beta-lactamase inhibitors"
0338-1147-03,801021,N06AX,Other antidepressants
0338-0221-04,801112,B05XA,Electrolyte solutions
68084-0400-01,863664,G04BD,Drugs for urinary frequency and incontinence
50268-0451-15,317110,C01DA,Organic nitrates
0406-0484-62,993781,N02BE,Anilides
51079-0105-20,310410,B03BB,Folic acid and derivatives
55390-0500-02,1727572,C03CA,"Sulfonamides, plain"
62756-0512-44,1668238,J01FA,Macrolides
25010-0215-15,1251905,C03CC,Aryloxyacetic acid derivatives
0904-6353-61,311296,J01MA,Fluoroquinolones
68084-0180-01,312940,N06AB,Selective serotonin reuptake inhibitors
13811-0681-30,349545,N05AX,Other antipsychotics
55513-0190-01,727542,L03AA,Colony stimulating factors
23155-0168-31,283504,A04AA,Serotonin (5HT3) antagonists
63323-0516-10,309696,H02AB,Glucocorticoids
51672-2001-02,998483,D01AC,Imidazole and triazole derivatives
50268-0615-13,314155,N05AH,"Diazepines, oxazepines, thiazepines and oxepines"
51672-2002-02,309367,D01AC,Imidazole and triazole derivatives
0703-5145-01,237788,V03AF,Detoxifying agents for antineoplastic treatment
63323-0117-51,239177,L01BC,Pyrimidine analogues
61703-0363-22,1736781,L01XA,Platinum compounds
13811-0679-30,602964,N05AX,Other antipsychotics
63323-0117-10,1791701,L01BC,Pyrimidine analogues
25021-0115-04,1737578,J01FF,Lincosamides
50881-0005-60,1193341,D11AH,"Agents for dermatitis, excluding corticosteroids"
51079-0206-20,197320,M04AA,Preparations inhibiting uric acid production
0172-4096-60,197391,M03BX,Other centrally acting agents
0904-6557-61,891881,N02AA,Natural opium alkaloids
43547-0400-10,828348,M03BX,Other centrally acting agents
68084-0845-01,312136,N03AF,Carboxamide derivatives
0904-6475-61,197391,M03BX,Other centrally acting agents
65162-0649-78,283536,N03AF,Carboxamide derivatives
57664-0502-89,313412,M03BX,Other centrally acting agents
36000-0033-10,866508,C07AB,"Beta blocking agents, selective"
67877-0242-01,312744,N05AH,"Diazepines, oxazepines, thiazepines and oxepines"
68084-0855-01,197391,M03BX,Other centrally acting agents
76014-0004-10,1542385,C01CA,Adrenergic and dopaminergic agents
25021-0113-82,1721315,J02AC,Triazole and tetrazole derivatives
55150-0202-10,283669,A02BC,Proton pump inhibitors
0904-6639-61,616487,N05AH,"Diazepines, oxazepines, thiazepines and oxepines"
0487-9501-25,630208,R03AC,Selective beta-2-adrenoreceptor agonists
42023-0146-25,309710,N05CM,Other hypnotics and sedatives
0904-7041-61,197319,M04AA,Preparations inhibiting uric acid production
52565-0008-14,1543069,D04AB,Anesthetics for topical use
57664-0683-57,1662285,J01XX,Other antibacterials
0904-7006-35,1000990,R01AA,"Sympathomimetics, plain"
60687-0473-01,483442,N02BF,Gabapentinoids
21922-0009-09,855633,M02AA,"Antiinflammatory preparations, non-steroids for topical use"
42806-0714-01,197397,R05DB,Other cough suppressants
70594-0053-01,1996246,J01XX,Other antibacterials
0904-6352-61,199885,J01MA,Fluoroquinolones
0904-6572-61,197320,M04AA,Preparations inhibiting uric acid production
45802-0562-02,309333,D10AF,Antiinfectives for treatment of acne
63833-0386-02,1484963,B02BD,Blood coagulation factors
63323-0540-31,1361226,B01AB,Heparin group
0904-6565-61,313565,J05AB,Nucleosides and nucleotides excl. reverse transcriptase inhibitors
62584-0266-01,866514,C07AB,"Beta blocking agents, selective"
70860-0400-10,238720,B02AA,Amino acids
68084-0591-01,317110,C01DA,Organic nitrates
76329-3369-01,1191250,V03AB,Antidotes
17478-0540-05,1724340,N02AA,Natural opium alkaloids
23155-0294-42,2102949,N05AB,Phenothiazines with piperazine structure
70860-0300-05,866508,C07AB,"Beta blocking agents, selective"
0409-2634-50,1724341,N02AA,Natural opium alkaloids
0904-6519-61,311725,N06AX,Other antidepressants
0228-2027-10,308047,N05BA,Benzodiazepine derivatives
59338-0775-01,1191357,B03AC,"Iron, parenteral preparations"
37000-0023-04,880853,A06AC,Bulk-forming laxatives
0904-6558-61,891888,N02AA,Natural opium alkaloids
0406-3243-01,897696,N02AA,Natural opium alkaloids
63323-0542-07,1362831,B01AB,Heparin group
0904-7822-31,309367,D01AC,Imidazole and triazole derivatives
0597-0058-01,863671,G04CA,Alpha-adrenoreceptor antagonists
60505-0795-04,854248,B01AB,Heparin group
50383-0667-30,197877,N01BB,Amides
0338-0072-25,1665461,M01AB,Acetic acid derivatives and related substances
60505-0792-04,854235,B01AB,Heparin group
51079-0790-01,197321,N05BA,Benzodiazepine derivatives
0143-1787-01,238154,N02BE,Anilides
0713-0135-12,198159,N05AB,Phenothiazines with piperazine structure
0115-8211-01,863669,G04CA,Alpha-adrenoreceptor antagonists
45802-0759-30,992454,D04AA,Antihistamines for topical use
57664-0274-08,197528,N03AE,Benzodiazepine derivatives
13811-0680-30,402131,N05AX,Other antipsychotics
51079-0944-20,993687,N06AX,Other antidepressants
63739-0573-10,198211,C10AA,HMG CoA reductase inhibitors
0409-2051-05,238083,N01AX,Other general anesthetics
0591-3540-60,993503,N06AX,Other antidepressants
63323-0044-01,309594,B03BA,Vitamin B12 (cyanocobalamin and analogues)
50268-0852-15,309595,B03BA,Vitamin B12 (cyanocobalamin and analogues)
57894-0054-27,1811257,L04AC,Interleukin inhibitors
49884-0465-65,848943,C10AC,Bile acid sequestrants
75826-0114-10,1094107,G04BX,Other urologicals
51079-0437-20,1000070,N06AA,Non-selective monoamine reuptake inhibitors
57237-0005-11,197699,J02AC,Triazole and tetrazole derivatives
60687-0544-01,197527,N03AE,Benzodiazepine derivatives
0172-3927-60,197589,N05BA,Benzodiazepine derivatives
0904-7000-61,483450,N02BF,Gabapentinoids
71288-0410-83,854235,B01AB,Heparin group
0409-1134-03,1731537,N02AA,Natural opium alkaloids
0121-0595-30,543014,A09AB,Acid preparations
0338-0705-41,1860241,B05XA,Electrolyte solutions
0591-0404-01,897722,C08DA,Phenylalkylamine derivatives
63402-0304-10,1040036,N05AE,Indole derivatives
45802-0465-64,106336,D01AC,Imidazole and triazole derivatives
0536-3029-06,314119,N07BA,Drugs used in nicotine dependence
68084-0248-01,311372,R06AX,Other antihistamines for systemic use
24208-0486-10,1923432,C07AA,"Beta blocking agents, non-selective"
67877-0251-80,1014314,D07AB,"Corticosteroids, moderately potent (group II)"
16729-0183-01,310798,C03AA,"Thiazides, plain"
59572-0632-55,1605455,L04AA,Selective immunosuppressants
47781-0584-68,1665461,M01AB,Acetic acid derivatives and related substances
59762-4537-02,1000126,G03AC,Progestogens
63323-0012-01,1791721,H01BB,Oxytocin and analogues
0406-0527-10,991149,N07BC,Drugs used in opioid dependence
0536-1107-88,198029,N07BA,Drugs used in nicotine dependence
0703-3301-04,312068,H01CB,Somatostatin and analogues
51079-0286-20,197589,N05BA,Benzodiazepine derivatives
0135-0511-01,968851,N07BA,Drugs used in nicotine dependence
0409-3182-01,1010759,N01BB,Amides
63323-0482-27,1010755,N01BB,Amides
60505-0065-00,198051,A02BC,Proton pump inhibitors
65162-0899-03,349490,N05AX,Other antipsychotics
50268-0759-15,313412,M03BX,Other centrally acting agents
0904-6917-61,198051,A02BC,Proton pump inhibitors
68094-0193-61,1099687,N03AG,Fatty acid derivatives
66689-0037-50,312055,A07AA,Antibiotics
55150-0114-20,1721476,J01CA,Penicillins with extended spectrum
0378-0373-01,979092,P01BA,Aminoquinolines
60687-0231-01,312940,N06AB,Selective serotonin reuptake inhibitors
0228-2631-11,311192,C01DA,Organic nitrates
0781-1556-13,381056,C01DA,Organic nitrates
0143-3142-50,1649988,J01AA,Tetracyclines
60505-0112-00,310430,N02BF,Gabapentinoids
50111-0918-01,198370,C03CA,"Sulfonamides, plain"
0574-0805-30,465377,R05CB,Mucolytics
0781-1046-13,198076,N05AB,Phenothiazines with piperazine structure
0904-6269-08,314286,N05AE,Indole derivatives
51079-0632-20,198141,C02CA,Alpha-adrenoreceptor antagonists
51079-0300-20,884185,C02AC,Imidazoline receptor agonists
50242-0085-27,1804802,B01AD,Enzymes
59762-5025-01,283523,N02BF,Gabapentinoids
0781-1048-13,198078,N05AB,Phenothiazines with piperazine structure
16500-0023-22,1293268,V03AE,Drugs for treatment of hyperkalemia and hyperphosphatemia
0245-0212-01,993470,C01CA,Adrenergic and dopaminergic agents
49938-0101-01,197557,J04BA,Drugs for treatment of lepra
59676-0562-01,794610,J05AE,Protease inhibitors
61958-0601-01,404587,J05AF,Nucleoside and nucleotide reverse transcriptase inhibitors
61958-0602-01,616148,J05AF,Nucleoside and nucleotide reverse transcriptase inhibitors
51079-0734-20,310671,N05AD,Butyrophenone derivatives
0781-1393-13,314034,N05AD,Butyrophenone derivatives
51079-0774-20,1738495,N06AB,Selective serotonin reuptake inhibitors
0517-0955-01,485968,N05AH,"Diazepines, oxazepines, thiazepines and oxepines"
49884-0117-01,977880,C03DB,Other potassium-sparing agents
63304-0827-90,617312,C10AA,HMG CoA reductase inhibitors
0185-0223-60,242461,B01AC,Platelet aggregation inhibitors excl. heparin
61958-1003-01,860738,C01EB,Other cardiac preparations
0378-1813-77,966224,H03AA,Thyroid hormones
66689-0031-50,104884,A03FA,Propulsives
63323-0484-57,1010902,N01BB,Amides
60505-2996-03,596930,N06AX,Other antidepressants
0378-4472-01,200060,L04AA,Selective immunosuppressants
0703-9514-03,313137,J01EC,Intermediate-acting sulfonamides
0185-0123-60,242462,B01AC,Platelet aggregation inhibitors excl. heparin
0228-2497-10,198032,C08CA,Dihydropyridine derivatives
0781-1972-01,1099300,N06AA,Non-selective monoamine reuptake inhibitors
0338-0553-11,1807631,B05XA,Electrolyte solutions
0713-0526-12,992459,D04AA,Antihistamines for topical use
53746-0271-01,198334,J01EC,Intermediate-acting sulfonamides
23155-0662-01,308867,A11CC,Vitamin D and analogues
62584-0734-01,905395,C02DB,Hydrazinophthalazine derivatives
68084-0592-01,353538,C01DA,Organic nitrates
64380-0725-06,200060,L04AA,Selective immunosuppressants
68084-0776-01,1099678,N03AG,Fatty acid derivatives
60505-2522-01,242461,B01AC,Platelet aggregation inhibitors excl. heparin
68084-0683-01,596930,N06AX,Other antidepressants
16729-0019-01,200060,L04AA,Selective immunosuppressants
51079-0076-20,905395,C02DB,Hydrazinophthalazine derivatives
63739-0411-10,311289,N03AX,Other antiepileptics
65862-0095-20,309076,J01DD,Third-generation cephalosporins
51079-0423-20,995624,R06AE,Piperazine derivatives
0143-1772-01,206842,C01DA,Organic nitrates
0409-3177-01,1010745,N01BB,Amides
0904-5892-61,904467,C10AA,HMG CoA reductase inhibitors
68084-0870-01,311289,N03AX,Other antiepileptics
51079-0929-20,896762,C07AG,Alpha and beta blocking agents
0597-0185-90,859046,N04BC,Dopamine agonists
60687-0346-01,197397,R05DB,Other cough suppressants
51079-0541-20,312635,N05AB,Phenothiazines with piperazine structure
0904-6620-61,206842,C01DA,Organic nitrates
68084-0572-01,891301,R05CA,Expectorants
0121-4675-00,1099687,N03AG,Fatty acid derivatives
0409-5082-16,1659292,J01DD,Third-generation cephalosporins
36000-0009-24,1665212,J01MA,Fluoroquinolones
63323-0507-20,1722934,J01DH,Carbapenems
67877-0230-22,311880,L04AA,Selective immunosuppressants
51672-1312-00,106346,D06AX,Other antibiotics for topical use
39822-4000-01,647121,N03AX,Other antiepileptics
60687-0282-01,308460,J01FA,Macrolides
0409-1273-32,1807459,N05BA,Benzodiazepine derivatives
63323-0089-50,1868486,B05XA,Electrolyte solutions
62584-0813-01,312134,N05BA,Benzodiazepine derivatives
63323-0106-15,1658264,B05XA,Electrolyte solutions
0517-0720-01,578803,A07EA,Corticosteroids acting locally
63029-8504-01,763484,C05AD,Local anesthetics
0409-6729-03,1658264,B05XA,Electrolyte solutions
0173-0735-00,208450,N02CC,Selective serotonin (5HT1) agonists
0173-0449-02,208452,N02CC,Selective serotonin (5HT1) agonists
50742-0621-01,198035,C08CA,Dihydropyridine derivatives
51079-0200-20,197956,C02AB,Methyldopa
0173-0947-55,993511,N06AX,Other antidepressants
68084-0267-01,198189,C09AA,"ACE inhibitors, plain"
50111-0917-01,198371,C03CA,"Sulfonamides, plain"
51079-0869-20,897649,C08DA,Phenylalkylamine derivatives
64764-0151-05,261266,A10BG,Thiazolidinediones
0338-0054-03,730781,B05XA,Electrolyte solutions
49781-0142-14,198030,N07BA,Drugs used in nicotine dependence
60687-0190-01,904475,C10AA,HMG CoA reductase inhibitors
50111-0915-01,198372,C03CA,"Sulfonamides, plain"
0536-5895-88,198029,N07BA,Drugs used in nicotine dependence
45802-0730-32,198443,N02BE,Anilides
0703-1029-30,1721315,J02AC,Triazole and tetrazole derivatives
0409-3308-03,307719,R05CB,Mucolytics
0409-6629-02,1594593,M03AB,Choline derivatives
67457-0217-20,864714,N07BC,Drugs used in opioid dependence
51079-0928-20,896758,C07AG,Alpha and beta blocking agents
59011-0440-20,1049586,N02AA,Natural opium alkaloids
63323-0734-10,1737449,M05BA,Bisphosphonates
0703-4248-01,597195,L01XA,Platinum compounds
0904-2085-60,313638,A11CA,"Vitamin A, plain"
53489-0400-01,312059,A07AA,Antibiotics
61570-0110-01,845489,C09AA,"ACE inhibitors, plain"
0781-3239-09,1665210,J01MA,Fluoroquinolones
60687-0210-01,198211,C10AA,HMG CoA reductase inhibitors
0228-2539-10,197444,N04BA,Dopa and dopa derivatives
51079-0443-20,966224,H03AA,Thyroid hormones
0904-6477-61,997229,N06DA,Anticholinesterases
0904-6237-61,197444,N04BA,Dopa and dopa derivatives
68084-0513-01,198211,C10AA,HMG CoA reductase inhibitors
51079-0884-20,197444,N04BA,Dopa and dopa derivatives
0904-6478-61,997223,N06DA,Anticholinesterases
23155-0102-01,861007,A10BA,Biguanides
0378-1809-77,892246,H03AA,Thyroid hormones
0904-6530-61,864706,N07BC,Drugs used in opioid dependence
0781-3159-72,485968,N05AH,"Diazepines, oxazepines, thiazepines and oxepines"
55111-0262-81,314155,N05AH,"Diazepines, oxazepines, thiazepines and oxepines"
0406-5755-62,864718,N07BC,Drugs used in opioid dependence
51079-0935-20,198316,C03DB,Other potassium-sparing agents
0378-1800-77,966220,H03AA,Thyroid hormones
0378-1811-77,966248,H03AA,Thyroid hormones
0168-0006-80,1085636,A01AC,Corticosteroids for local oral treatment
60793-0205-05,1243786,B02BC,Local hemostatics
63323-0877-15,861599,P01CX,Other agents against leishmaniasis and trypanosomiasis
0904-5789-61,197310,J05AB,Nucleosides and nucleotides excl. reverse transcriptase inhibitors
50242-0053-06,1657868,L01FA,CD20 (Clusters of Differentiation 20) inhibitors
0168-0162-30,861448,D07AD,"Corticosteroids, very potent (group IV)"
0944-2700-05,1809670,B06AA,Enzymes
55513-0546-10,1649964,L03AA,Colony stimulating factors
55513-0530-10,1649946,L03AA,Colony stimulating factors
0126-0088-02,630194,A01AA,Caries prophylactic agents
0338-0507-48,1870631,D06AX,Other antibiotics for topical use
0469-3051-30,967388,A01AB,Antiinfectives and antiseptics for local oral treatment
60574-4113-01,1657343,J06BD,Antiviral monoclonal antibodies
0781-3290-09,309336,D10AF,Antiinfectives for treatment of acne
67457-0889-10,1731077,A04AD,Other antiemetics
0641-6079-01,283504,A04AA,Serotonin (5HT3) antagonists
63323-0483-01,1010763,N01BB,Amides
63323-0120-20,249364,L01BC,Pyrimidine analogues
0703-5233-13,309650,L01DB,Anthracyclines and related substances
0713-0656-31,861448,D07AD,"Corticosteroids, very potent (group IV)"
63323-0325-10,1734932,J05AB,Nucleosides and nucleotides excl. reverse transcriptase inhibitors
68547-0501-02,1999012,C01CX,Other cardiac stimulants
0641-6052-25,861476,N02AB,Phenylpiperidine derivatives
67457-0473-22,597823,J01GB,Other aminoglycosides
68180-0282-01,308429,P01AX,Other agents against amoebiasis and other protozoal diseases
0781-3755-95,242969,C01CA,Adrenergic and dopaminergic agents
54288-0103-10,1660014,C01CA,Adrenergic and dopaminergic agents
55150-0160-72,1737757,N01BB,Amides
0121-0978-00,1049906,R05DA,Opium alkaloids and derivatives
0517-0374-05,1788989,V03AB,Antidotes
60687-0523-21,1482908,J02AC,Triazole and tetrazole derivatives
63323-0208-05,1737761,N01BB,Amides
51079-0942-05,904431,M05BA,Bisphosphonates
51079-0936-20,313215,G04CA,Alpha-adrenoreceptor antagonists
55513-0148-10,205923,B03XA,Other antianemic preparations
54879-0002-00,995607,J04AK,Other drugs for treatment of tuberculosis
51079-0083-20,197832,J04AC,Hydrazides
61748-0012-11,198181,J04AK,Other drugs for treatment of tuberculosis
0168-0204-37,1543069,D04AB,Anesthetics for topical use
0338-6046-48,1721315,J02AC,Triazole and tetrazole derivatives
0517-9305-25,2693633,V03AB,Antidotes
49281-0545-03,1300468,J07AG,Haemophilus influenzae B vaccines
45802-0055-36,1085636,A01AC,Corticosteroids for local oral treatment
0338-6045-37,1721314,J02AC,Triazole and tetrazole derivatives
58160-0955-09,901518,J07AH,Meningococcal vaccines
0536-1143-98,835547,D02AC,Soft paraffin and fat products
65862-0527-90,313583,N06AX,Other antidepressants
42023-0113-10,206967,N01AX,Other general anesthetics
63323-0418-20,199212,M03AC,Other quaternary ammonium compounds
0168-0154-31,106258,D07AA,"Corticosteroids, weak (group I)"
0121-0868-50,312055,A07AA,Antibiotics
17478-0540-01,1724338,N02AA,Natural opium alkaloids
10135-0330-63,309595,B03BA,Vitamin B12 (cyanocobalamin and analogues)
68462-0104-30,197700,J02AC,Triazole and tetrazole derivatives
0548-5604-00,854241,B01AB,Heparin group
0143-9719-10,1791840,C01CE,Phosphodiesterase inhibitors
66689-0036-50,1313112,N03AB,Hydantoin derivatives
0641-6060-10,311702,N05CD,Benzodiazepine derivatives
25021-0669-20,199212,M03AC,Other quaternary ammonium compounds
60505-0402-05,213291,N06AB,Selective serotonin reuptake inhibitors
76329-3352-01,792582,B05CB,Salt solutions
17478-0062-35,746083,S01XA,Other ophthalmologicals
0904-6708-06,308460,J01FA,Macrolides
0990-7935-19,237649,B05BA,Solutions for parenteral nutrition
61787-0062-04,996520,R05DA,Opium alkaloids and derivatives
51079-0986-20,866083,N05BE,Azaspirodecanedione derivatives
51079-0811-20,310488,A10BB,Sulfonylureas
0904-6550-61,856448,C07AA,"Beta blocking agents, non-selective"
61314-0633-05,310467,D06AX,Other antibiotics for topical use
61314-0656-25,309307,S01AE,Fluoroquinolones
0998-0615-05,205669,S01BA,"Corticosteroids, plain"
63323-0965-10,1860136,B05XA,Electrolyte solutions
0173-0697-04,896222,R03AK,"Adrenergics in combination with corticosteroids or other drugs, excl. anticholinergics"
0904-6516-61,995624,R06AE,Piperazine derivatives
65862-0201-90,979485,C09CA,"Angiotensin II receptor blockers (ARBs), plain"
0409-9558-10,1234995,M03AC,Other quaternary ammonium compounds
10019-0553-01,351875,N05CM,Other hypnotics and sedatives
0904-6469-61,313585,N06AX,Other antidepressants
43598-0446-74,198031,N07BA,Drugs used in nicotine dependence
60505-2654-00,856373,N06AX,Other antidepressants
51079-0766-08,1099563,N03AG,Fatty acid derivatives
68084-0709-01,313585,N06AX,Other antidepressants
0378-1610-01,991061,A03AA,"Synthetic anticholinergics, esters with tertiary amino group"
65162-0416-03,351266,N02AE,Oripavine derivatives
51079-0806-20,995258,N05BB,Diphenylmethane derivatives
12496-1204-03,1307058,N07BC,Drugs used in opioid dependence
51079-0462-20,312830,N05AX,Other antipsychotics
12496-1202-03,1010603,N07BC,Drugs used in opioid dependence
66689-0694-79,991147,N07BC,Drugs used in opioid dependence
68084-0738-01,864706,N07BC,Drugs used in opioid dependence
68094-0503-61,197803,M01AE,Propionic acid derivatives
68382-0018-01,313582,N06AX,Other antidepressants
50383-0311-47,283523,N02BF,Gabapentinoids
0406-8958-01,884386,N06BA,Centrally acting sympathomimetics
51079-0461-20,312829,N05AX,Other antipsychotics
37205-0361-74,198029,N07BA,Drugs used in nicotine dependence
65162-0898-03,349545,N05AX,Other antipsychotics
68084-0713-01,313581,N06AX,Other antidepressants
0406-0540-34,864980,N07BC,Drugs used in opioid dependence
0409-1304-31,897758,N02AA,Natural opium alkaloids
54162-0017-15,1366116,D06AX,Other antibiotics for topical use
0436-0946-16,313049,D08AX,Other antiseptics and disinfectants
0264-7510-20,1795610,B05BA,Solutions for parenteral nutrition
0781-5265-64,104894,A04AA,Serotonin (5HT3) antagonists
51079-0745-20,833217,C05AE,Muscle relaxants
51672-1264-03,103457,D07AC,"Corticosteroids, potent (group III)"
59676-0303-01,205922,B03XA,Other antianemic preparations
0168-0011-35,1366116,D06AX,Other antibiotics for topical use
59676-0304-01,205924,B03XA,Other antianemic preparations
59762-5016-01,197698,J02AC,Triazole and tetrazole derivatives
0223-1971-01,1367410,A11CC,Vitamin D and analogues
0597-0183-90,859035,N04BC,Dopamine agonists
68084-0044-11,1738483,N06AB,Selective serotonin reuptake inhibitors
0472-0730-41,998540,G01AF,Imidazole derivatives
74300-0081-86,311498,M02AC,Preparations with salicylic acid derivatives
67457-0118-50,308395,A11GA,"Ascorbic acid (vitamin C), plain"
0517-2710-25,828525,A12AA,Calcium
55150-0308-01,485968,N05AH,"Diazepines, oxazepines, thiazepines and oxepines"
0990-7922-25,1795610,B05BA,Solutions for parenteral nutrition
0409-2720-03,1361226,B01AB,Heparin group
0641-6176-10,312070,H01CB,Somatostatin and analogues
11704-0370-01,700499,B03BA,Vitamin B12 (cyanocobalamin and analogues)
0121-0826-01,1049615,N02AA,Natural opium alkaloids
43598-0448-74,198030,N07BA,Drugs used in nicotine dependence
63739-0943-10,314234,A02BX,Other drugs for peptic ulcer and gastro-oesophageal reflux disease (GORD)
0766-1500-10,968849,N07BA,Drugs used in nicotine dependence
0409-1330-01,282609,H05BX,Other anti-parathyroid agents
0338-1073-02,309985,C01CA,Adrenergic and dopaminergic agents
0904-4218-13,309604,B03BA,Vitamin B12 (cyanocobalamin and analogues)
63323-0379-05,312071,H01CB,Somatostatin and analogues
25021-0128-50,1659287,J01DD,Third-generation cephalosporins
0536-5894-88,198031,N07BA,Drugs used in nicotine dependence
64764-0918-30,834239,M04AA,Preparations inhibiting uric acid production
10370-0101-50,993541,N06AX,Other antidepressants
68180-0411-09,200095,C09CA,"Angiotensin II receptor blockers (ARBs), plain"
0228-2620-11,311197,C01DA,Organic nitrates
51079-0943-20,993691,N06AX,Other antidepressants
65862-0295-90,859751,C10AA,HMG CoA reductase inhibitors
51079-0557-20,309362,B01AC,Platelet aggregation inhibitors excl. heparin
0904-1453-61,314106,A02BD,Combinations for eradication of Helicobacter pylori
59148-0007-35,404602,N05AX,Other antipsychotics
0781-5266-64,312087,A04AA,Serotonin (5HT3) antagonists
59148-0008-35,352307,N05AX,Other antipsychotics
51079-0015-20,866042,A01AB,Antiinfectives and antiseptics for local oral treatment
0409-1159-02,1725082,N01BB,Amides
0165-0054-41,210961,A12CC,Magnesium
0409-9157-01,312424,B02BA,Vitamin K
0904-3571-61,860221,G03AC,Progestogens
0641-6057-25,311700,N05CD,Benzodiazepine derivatives
76329-3302-01,727517,B05CX,Other irrigating solutions
17271-0701-07,1807639,B05XA,Electrolyte solutions
60687-0681-01,310410,B03BB,Folic acid and derivatives
60687-0143-01,861010,A10BA,Biguanides
61314-0647-25,309683,J01GB,Other aminoglycosides
63323-0400-09,647121,N03AX,Other antiepileptics
68084-0658-01,197805,M01AE,Propionic acid derivatives
60687-0256-01,859751,C10AA,HMG CoA reductase inhibitors
10147-0750-05,106336,D01AC,Imidazole and triazole derivatives
61314-0144-05,861208,D11AX,Other dermatologicals
0781-5402-92,859751,C10AA,HMG CoA reductase inhibitors
59630-0762-10,1091153,N06BA,Centrally acting sympathomimetics
0781-5238-64,104894,A04AA,Serotonin (5HT3) antagonists
0409-0181-01,1720960,L01BC,Pyrimidine analogues
61958-2901-02,2395502,J05AB,Nucleosides and nucleotides excl. reverse transcriptase inhibitors
0904-6502-61,205322,L01XX,Other antineoplastic agents
42292-0038-20,966253,H03AA,Thyroid hormones
0904-6359-61,312830,N05AX,Other antipsychotics
51079-0870-20,308973,N03AF,Carboxamide derivatives
0641-6027-25,1735003,N01AH,Opioid anesthetics
17478-0215-02,1190655,S01FA,Anticholinergics
25021-0132-82,1665507,J01MA,Fluoroquinolones
0378-4593-01,1606347,C07AB,"Beta blocking agents, selective"
0904-6488-38,1086613,S01XA,Other ophthalmologicals
25021-0801-66,351114,M05BA,Bisphosphonates
67457-0675-02,213570,H05BA,Calcitonin preparations
0574-4022-35,308508,D06AX,Other antibiotics for topical use
0143-9509-10,238083,N01AX,Other general anesthetics
0121-0646-10,849385,N04BB,Adamantane derivatives
68084-0288-01,313979,H02AA,Mineralocorticoids
0115-1696-06,197787,H02AB,Glucocorticoids
0378-0257-10,310671,N05AD,Butyrophenone derivatives
0904-6622-61,903857,N07AA,Anticholinesterases
55150-0324-25,1719286,C03CA,"Sulfonamides, plain"
0245-0211-11,993466,C01CA,Adrenergic and dopaminergic agents
61314-0326-10,1605075,L03AA,Colony stimulating factors
17478-0542-25,1654169,C01EB,Other cardiac preparations
16729-0298-05,283504,A04AA,Serotonin (5HT3) antagonists
67457-0420-10,309696,H02AB,Glucocorticoids
29300-0227-01,311681,P01AB,Nitroimidazole derivatives
0781-3244-94,1734919,L01AA,Nitrogen mustard analogues
60687-0100-01,858747,A05AA,Bile acids and derivatives
0574-0292-01,977880,C03DB,Other potassium-sparing agents
0548-5605-00,854248,B01AB,Heparin group
0904-6890-04,858751,A05AA,Bile acids and derivatives
0456-2700-10,1603845,J01DD,Third-generation cephalosporins
0904-6085-61,200371,N06AB,Selective serotonin reuptake inhibitors
68382-0316-01,197985,J01AA,Tetracyclines
0904-6221-61,858747,A05AA,Bile acids and derivatives
51672-3020-02,1543069,D04AB,Anesthetics for topical use
0904-5790-61,197311,J05AB,Nucleosides and nucleotides excl. reverse transcriptase inhibitors
64679-0012-01,1659149,J01CR,"Combinations of penicillins, incl. beta-lactamase inhibitors"
0338-0424-18,1658692,B01AB,Heparin group
65649-0301-03,539789,A07AA,Antibiotics
0456-0600-10,1040016,J01DI,Other cephalosporins and penems
58160-0821-52,798428,J07BC,Hepatitis vaccines
63739-0029-10,197397,R05DB,Other cough suppressants
24208-0555-55,308511,D06AX,Other antibiotics for topical use
63323-0970-02,885205,N04AC,Ethers of tropine or tropine derivatives
51079-0736-20,310672,N05AD,Butyrophenone derivatives
51079-0735-20,314034,N05AD,Butyrophenone derivatives
43547-0342-06,312831,N05AX,Other antipsychotics
0641-6044-25,1665188,N05BA,Benzodiazepine derivatives
0904-6641-61,317174,N05AH,"Diazepines, oxazepines, thiazepines and oxepines"
17478-0540-50,1724341,N02AA,Natural opium alkaloids
47781-0108-30,310261,L02BG,Aromatase inhibitors
10019-0553-04,351875,N05CM,Other hypnotics and sedatives
63323-0531-90,854241,B01AB,Heparin group
61314-0318-01,1605071,L03AA,Colony stimulating factors
10019-0956-01,1734919,L01AA,Nitrogen mustard analogues
68462-0158-13,312087,A04AA,Serotonin (5HT3) antagonists
63323-0568-88,854238,B01AB,Heparin group
51079-0547-20,997501,R06AX,Other antihistamines for systemic use
0173-0547-00,211947,P01AX,Other agents against amoebiasis and other protozoal diseases
61703-0309-16,1863354,L01CA,Vinca alkaloids and analogues
0904-6283-61,200034,N05AH,"Diazepines, oxazepines, thiazepines and oxepines"
63323-0278-10,239178,L01CA,Vinca alkaloids and analogues
49502-0102-02,1870207,C01CA,Adrenergic and dopaminergic agents
68084-0530-01,312744,N05AH,"Diazepines, oxazepines, thiazepines and oxepines"
0338-1305-01,899350,V03AF,Detoxifying agents for antineoplastic treatment
0469-3250-10,861381,J02AX,Other antimycotics for systemic use
71288-0202-02,240793,C02DD,Nitroferricyanide derivatives
17478-0070-31,310149,S01AA,Antibiotics
60758-0908-10,244967,J01EA,Trimethoprim and derivatives
0378-5807-93,349483,C09CA,"Angiotensin II receptor blockers (ARBs), plain"
0143-9851-01,314099,H02AB,Glucocorticoids
0781-3411-95,1594591,M03AB,Choline derivatives
25021-0201-10,204870,V03AF,Detoxifying agents for antineoplastic treatment
0143-9890-01,283504,A04AA,Serotonin (5HT3) antagonists
50742-0620-01,198034,C08CA,Dihydropyridine derivatives
51991-0934-98,896771,C07AG,Alpha and beta blocking agents
55150-0252-20,1010033,N01BB,Amides
62559-0210-81,198037,C08CA,Dihydropyridine derivatives
55150-0163-30,1737562,N01BB,Amides
67457-0440-22,1740467,A04AA,Serotonin (5HT3) antagonists
52959-0452-30,206805,R06AX,Other antihistamines for systemic use
0121-1775-10,995868,R05DA,Opium alkaloids and derivatives
42023-0221-10,1734683,J01DH,Carbapenems
68682-0170-30,198102,B02BA,Vitamin K
68084-0482-11,199885,J01MA,Fluoroquinolones
0904-5893-61,904475,C10AA,HMG CoA reductase inhibitors
60687-0155-01,861007,A10BA,Biguanides
60432-0065-00,617322,J01CR,"Combinations of penicillins, incl. beta-lactamase inhibitors"
68084-0313-01,1099596,N03AG,Fatty acid derivatives
60505-2504-03,197889,N05AN,Lithium
0487-9003-60,724590,R01AX,Other nasal preparations
64764-0151-04,261266,A10BG,Thiazolidinediones
51991-0818-01,856569,C07AA,"Beta blocking agents, non-selective"
0536-1108-88,198030,N07BA,Drugs used in nicotine dependence
0338-1145-03,1090639,N06AX,Other antidepressants
47781-0176-01,541892,N06BA,Centrally acting sympathomimetics
0904-6718-39,636522,R05CA,Expectorants
0904-6640-61,312743,N05AH,"Diazepines, oxazepines, thiazepines and oxepines"
59676-0310-01,1721690,B03XA,Other antianemic preparations
49884-0907-38,860225,G03AC,Progestogens
0904-6830-06,310346,G04CB,Testosterone-5-alpha reductase inhibitors
50474-0594-40,261335,N03AX,Other antiepileptics
51672-1263-02,1053753,D07CB,"Corticosteroids, moderately potent, combinations with antibiotics"
58914-0785-10,858752,A05AA,Bile acids and derivatives
0527-1426-36,1049615,N02AA,Natural opium alkaloids
47781-0583-68,860092,M01AB,Acetic acid derivatives and related substances
51079-0957-20,197625,C02CA,Alpha-adrenoreceptor antagonists
64980-0157-01,1367410,A11CC,Vitamin D and analogues
0436-0936-16,313048,D08AX,Other antiseptics and disinfectants
55566-2200-00,1723234,H01BA,Vasopressin and analogues
0264-1965-10,809605,B05AA,Blood substitutes and plasma protein fractions
51079-0190-20,197817,M01AB,Acetic acid derivatives and related substances
0781-7114-55,245136,N02AB,Phenylpiperidine derivatives
0781-7113-55,197696,N02AB,Phenylpiperidine derivatives
55390-0762-10,1654006,N01AX,Other general anesthetics
0409-1632-01,859437,M03AC,Other quaternary ammonium compounds
0338-0683-04,309783,B05BB,Solutions affecting the electrolyte balance
45802-0730-30,198443,N02BE,Anilides
10122-0610-10,1790242,C08CA,Dihydropyridine derivatives
0143-9983-03,313920,J01DB,First-generation cephalosporins
0143-9680-25,238212,D11AA,Antihidrotics
0378-0415-01,1190572,A07DA,Antipropulsives
0115-1700-01,197783,H02AB,Glucocorticoids
39822-0310-05,866042,A01AB,Antiinfectives and antiseptics for local oral treatment
0781-1785-01,855664,D11AX,Other dermatologicals
42023-0201-01,1115267,H03AA,Thyroid hormones
59762-0075-01,197783,H02AB,Glucocorticoids
59762-0073-01,197787,H02AB,Glucocorticoids
17478-0102-12,314238,S01FA,Anticholinergics
67919-0020-10,801731,A06AH,Peripheral opioid receptor antagonists
55150-0208-30,1722939,J01DH,Carbapenems
17478-0201-02,1234579,S01FB,Sympathomimetics excl. antiglaucoma preparations
17478-0937-05,1791229,C08DB,Benzothiazepine derivatives
0245-0212-11,993470,C01CA,Adrenergic and dopaminergic agents
63323-0454-01,1732006,N02AA,Natural opium alkaloids
63323-0398-10,1668238,J01FA,Macrolides
51079-0947-08,830861,C08DB,Benzothiazepine derivatives
31722-0903-01,310384,N06AB,Selective serotonin reuptake inhibitors
65862-0193-01,310385,N06AB,Selective serotonin reuptake inhibitors
51079-0441-20,966222,H03AA,Thyroid hormones
0245-0023-22,205643,D02AX,Other emollients and protectives
51079-0959-20,197627,C02CA,Alpha-adrenoreceptor antagonists
68084-0675-21,596926,N06AX,Other antidepressants
51079-0872-01,310534,A10BB,Sulfonylureas
52959-0055-00,1649988,J01AA,Tetracyclines
62856-0600-01,644989,L01BC,Pyrimidine analogues
16729-0200-01,866094,N05BE,Azaspirodecanedione derivatives
0187-3012-20,903845,N07AA,Anticholinesterases
49281-0589-05,797641,J07AH,Meningococcal vaccines
0406-9000-76,245136,N02AB,Phenylpiperidine derivatives
0378-9119-98,577057,N01AH,Opioid anesthetics
51079-0952-20,858817,C09AA,"ACE inhibitors, plain"
63323-0963-30,465377,R05CB,Mucolytics
47335-0765-83,672567,N05AX,Other antipsychotics
58160-0826-52,798479,J07BC,Hepatitis vaccines
17478-0215-15,1190655,S01FA,Anticholinergics
43547-0369-09,349201,C09CA,"Angiotensin II receptor blockers (ARBs), plain"
23155-0473-42,1719291,C03CA,"Sulfonamides, plain"
31722-0531-01,198371,C03CA,"Sulfonamides, plain"
68084-0875-01,200224,R03DC,Leukotriene receptor antagonists
70069-0012-25,1731590,D11AA,Antihidrotics
51079-0133-20,856845,N06AA,Non-selective monoamine reuptake inhibitors
50474-0002-63,647123,N03AX,Other antiepileptics
49938-0101-30,197557,J04BA,Drugs for treatment of lepra
0168-0056-15,197405,A07EA,Corticosteroids acting locally
0168-0056-46,197405,A07EA,Corticosteroids acting locally
51248-0150-01,539817,G04BD,Drugs for urinary frequency and incontinence
49999-0108-30,310490,A10BB,Sulfonylureas
55150-0123-15,1721460,J01CF,Beta-lactamase resistant penicillins
0517-0830-01,314072,S01EE,Prostaglandin analogues
43547-0368-09,349199,C09CA,"Angiotensin II receptor blockers (ARBs), plain"
55513-0073-30,656137,H05BX,Other anti-parathyroid agents
68084-0202-01,198150,N03AA,Barbiturates and derivatives
0168-0007-15,884308,A07AA,Antibiotics
63323-0401-20,1664981,J01DF,Monobactams
61314-0226-05,1923428,C07AA,"Beta blocking agents, non-selective"
63323-0506-01,1812079,H02AB,Glucocorticoids
68084-0184-01,1049611,N02AA,Natural opium alkaloids
0641-6175-10,312069,H01CB,Somatostatin and analogues
0409-3178-02,1010751,N01BB,Amides
45802-0054-36,1085633,A01AC,Corticosteroids for local oral treatment
0536-5896-88,198030,N07BA,Drugs used in nicotine dependence
0409-3390-04,1659149,J01CR,"Combinations of penicillins, incl. beta-lactamase inhibitors"
50268-0757-15,198370,C03CA,"Sulfonamides, plain"
67877-0242-38,312744,N05AH,"Diazepines, oxazepines, thiazepines and oxepines"
51079-0630-20,312593,C02CA,Alpha-adrenoreceptor antagonists
17478-0937-10,1791232,C08DB,Benzothiazepine derivatives
51079-0821-20,311289,N03AX,Other antiepileptics
63323-0492-37,1737563,N01BB,Amides
0781-7111-55,245134,N02AB,Phenylpiperidine derivatives
0409-1176-30,1242503,N02AB,Phenylpiperidine derivatives
63824-0008-34,891301,R05CA,Expectorants
68084-0044-01,1738483,N06AB,Selective serotonin reuptake inhibitors
63459-0391-20,1805004,L01AA,Nitrogen mustard analogues
63323-0165-05,1116927,H02AB,Glucocorticoids
0904-5524-61,197627,C02CA,Alpha-adrenoreceptor antagonists
52959-0402-50,198318,N05CD,Benzodiazepine derivatives
70436-0019-82,1668238,J01FA,Macrolides
45802-0434-11,309367,D01AC,Imidazole and triazole derivatives
0245-0147-01,834346,C01BD,"Antiarrhythmics, class III"
61314-0019-10,310015,S01EC,Carbonic anhydrase inhibitors
63739-0483-10,995218,N05BB,Diphenylmethane derivatives
64720-0130-10,541878,N06BA,Centrally acting sympathomimetics
68094-0750-62,309843,N05BA,Benzodiazepine derivatives
0781-2027-01,857297,N06AA,Non-selective monoamine reuptake inhibitors
0766-1500-20,968851,N07BA,Drugs used in nicotine dependence
38341-0065-45,892798,C05AD,Local anesthetics
59148-0009-35,352308,N05AX,Other antipsychotics
63323-0568-84,854248,B01AB,Heparin group
65597-0202-30,1599553,B01AF,Direct factor Xa inhibitors
60687-0369-01,991061,A03AA,"Synthetic anticholinergics, esters with tertiary amino group"
61958-2902-01,2395504,J05AB,Nucleosides and nucleotides excl. reverse transcriptase inhibitors
0143-9784-10,204508,V03AB,Antidotes
17478-0420-20,896771,C07AG,Alpha and beta blocking agents
0173-0933-56,108780,J05AB,Nucleosides and nucleotides excl. reverse transcriptase inhibitors
0173-0697-00,896229,R03AK,"Adrenergics in combination with corticosteroids or other drugs, excl. anticholinergics"
58160-0842-52,1300370,J07AJ,Pertussis vaccines
65649-0301-05,539789,A07AA,Antibiotics
0517-0301-10,1737850,V03AB,Antidotes
0338-0077-04,1794887,B05BB,Solutions affecting the electrolyte balance
51079-0041-20,310410,B03BB,Folic acid and derivatives
52959-0674-30,308753,A06AB,Contact laxatives
0378-0028-01,198006,C07AA,"Beta blocking agents, non-selective"
0338-1023-41,204466,J01CE,Beta-lactamase sensitive penicillins
0517-8575-10,1869281,V03AB,Antidotes
43199-0014-01,1046770,A03BA,"Belladonna alkaloids, tertiary amines"
51079-0790-20,197321,N05BA,Benzodiazepine derivatives
76045-0009-10,1872265,N02AA,Natural opium alkaloids
55150-0174-10,1668238,J01FA,Macrolides
64980-0179-01,197702,J02AX,Other antimycotics for systemic use
59762-1061-01,1190572,A07DA,Antipropulsives
43386-0770-01,197703,J02AX,Other antimycotics for systemic use
67877-0220-01,309112,J01DB,First-generation cephalosporins
60505-7081-02,245134,N02AB,Phenylpiperidine derivatives
25021-0184-87,1721314,J02AC,Triazole and tetrazole derivatives
54838-0540-70,309313,N06AB,Selective serotonin reuptake inhibitors
60505-2585-00,312829,N05AX,Other antipsychotics
47335-0187-88,476399,N04BA,Dopa and dopa derivatives
0409-2346-32,309985,C01CA,Adrenergic and dopaminergic agents
44567-0611-01,2541171,N05CD,Benzodiazepine derivatives
68682-0200-25,260260,N04BA,Dopa and dopa derivatives
10122-0620-10,1656061,B01AC,Platelet aggregation inhibitors excl. heparin
71288-0410-85,854238,B01AB,Heparin group
16729-0440-10,432402,H05BX,Other anti-parathyroid agents
0597-0033-34,998681,C02AC,Imidazoline receptor agonists
0597-0032-34,998677,C02AC,Imidazoline receptor agonists
59676-0302-01,205918,B03XA,Other antianemic preparations
51079-0899-20,897640,C08DA,Phenylalkylamine derivatives
68084-0337-01,311289,N03AX,Other antiepileptics
77333-0940-10,639566,A11HA,Other plain vitamin preparations
0904-0430-04,1650143,J01AA,Tetracyclines
59762-3080-01,204844,J01FA,Macrolides
0338-0357-03,1791409,B05BC,Solutions producing osmotic diuresis
0185-0757-10,198228,J01EC,Intermediate-acting sulfonamides
63323-0325-20,1734934,J05AB,Nucleosides and nucleotides excl. reverse transcriptase inhibitors
55150-0209-02,309710,N05CM,Other hypnotics and sedatives
63323-0482-57,1010755,N01BB,Amides
60793-0215-05,757667,B02BC,Local hemostatics
0781-5567-01,197528,N03AE,Benzodiazepine derivatives
45802-0525-55,197362,D02AX,Other emollients and protectives
0406-5771-62,864706,N07BC,Drugs used in opioid dependence
0781-8018-01,197527,N03AE,Benzodiazepine derivatives
66689-0898-40,864978,N07BC,Drugs used in opioid dependence
55150-0117-20,1659598,J01CR,"Combinations of penicillins, incl. beta-lactamase inhibitors"
71288-0006-30,1659598,J01CR,"Combinations of penicillins, incl. beta-lactamase inhibitors"
43547-0407-10,197528,N03AE,Benzodiazepine derivatives
63323-0605-84,854248,B01AB,Heparin group
0904-6461-61,992447,D04AA,Antihistamines for topical use
10267-1465-01,198806,B03AB,"Iron trivalent, oral preparations"
60505-0065-02,198051,A02BC,Proton pump inhibitors
0597-0075-41,580261,R03BB,Anticholinergics
0904-6619-61,381056,C01DA,Organic nitrates
12870-0001-02,1117536,D08AL,Silver compounds
16729-0137-00,197528,N03AE,Benzodiazepine derivatives
51079-0872-20,310534,A10BB,Sulfonylureas
0517-1010-25,1190795,A03BA,"Belladonna alkaloids, tertiary amines"
69097-0875-02,993541,N06AX,Other antidepressants
49884-0306-02,349194,N03AE,Benzodiazepine derivatives
65862-0528-90,313585,N06AX,Other antidepressants
68382-0140-14,199889,N03AX,Other antiepileptics
51079-0985-20,866094,N05BE,Azaspirodecanedione derivatives
0168-0005-80,1085633,A01AC,Corticosteroids for local oral treatment
0574-2225-20,106302,D10AD,Retinoids for topical use in acne
68084-0490-01,995624,R06AE,Piperazine derivatives
0904-6470-61,313581,N06AX,Other antidepressants
16729-0171-01,856783,N06AA,Non-selective monoamine reuptake inhibitors
68084-0342-01,199888,N03AX,Other antiepileptics
51079-0894-20,897659,C08DA,Phenylalkylamine derivatives
51079-0543-20,349332,N06AB,Selective serotonin reuptake inhibitors
17772-0103-15,1437285,N03AX,Other antiepileptics
0168-0054-30,543546,D01AA,Antibiotics
44567-0708-10,313920,J01DB,First-generation cephalosporins
63323-0403-02,1670200,N03AB,Hydantoin derivatives
0574-0107-77,309371,A01AB,Antiinfectives and antiseptics for local oral treatment
0904-6506-61,996561,N06DX,Other anti-dementia drugs
60687-0195-01,830861,C08DB,Benzothiazepine derivatives
68682-0367-90,830861,C08DB,Benzothiazepine derivatives
68382-0798-01,896758,C07AG,Alpha and beta blocking agents
44567-0707-25,1665050,J01DB,First-generation cephalosporins
68682-0368-90,830845,C08DB,Benzothiazepine derivatives
61314-0044-75,313477,S01AD,Antivirals
0168-0080-31,310891,D07AA,"Corticosteroids, weak (group I)"
43353-0633-30,209006,A11CC,Vitamin D and analogues
68682-0369-90,830837,C08DB,Benzothiazepine derivatives
68084-0243-01,197518,J01FF,Lincosamides
47335-0902-88,312744,N05AH,"Diazepines, oxazepines, thiazepines and oxepines"
0409-9094-61,1735013,N01AH,Opioid anesthetics
0121-4810-00,312055,A07AA,Antibiotics
59762-5019-01,312750,C09AA,"ACE inhibitors, plain"
57237-0048-01,1099870,N03AG,Fatty acid derivatives
68682-0006-10,833217,C05AE,Muscle relaxants
0904-6938-06,238154,N02BE,Anilides
60687-0638-01,197901,N05BA,Benzodiazepine derivatives
50268-0619-15,198051,A02BC,Proton pump inhibitors
0121-0853-40,313134,J01EC,Intermediate-acting sulfonamides
13533-0800-24,1809583,B06AA,Enzymes
0603-5335-21,198144,H02AB,Glucocorticoids
41100-0811-23,1000992,R01AA,"Sympathomimetics, plain"
0409-7809-22,1743877,C01CA,Adrenergic and dopaminergic agents
0904-6927-61,313096,C03DA,Aldosterone antagonists
63323-0562-10,308769,B01AE,Direct thrombin inhibitors
0904-6303-61,200033,C07AG,Alpha and beta blocking agents
23155-0059-01,897722,C08DA,Phenylalkylamine derivatives
0173-0562-00,213212,N02CC,Selective serotonin (5HT1) agonists
51079-0891-01,197417,C03CA,"Sulfonamides, plain"
0186-5020-31,606728,A02BC,Proton pump inhibitors
51079-0087-20,314111,N06AX,Other antidepressants
51079-0724-20,854876,N05CF,Benzodiazepine related drugs
53489-0368-01,402698,C08CA,Dihydropyridine derivatives
23155-0017-01,198250,A01AB,Antiinfectives and antiseptics for local oral treatment
0904-6238-61,197445,N04BA,Dopa and dopa derivatives
50268-0140-13,993541,N06AX,Other antidepressants
0713-0686-15,884308,A07AA,Antibiotics
51079-0888-20,311666,A03FA,Propulsives
13668-0132-01,402698,C08CA,Dihydropyridine derivatives
54838-0523-40,310386,N06AB,Selective serotonin reuptake inhibitors
54505-0333-10,197783,H02AB,Glucocorticoids
0603-3581-21,402698,C08CA,Dihydropyridine derivatives
50383-0232-10,310015,S01EC,Carbonic anhydrase inhibitors
0904-6441-61,905225,C02DB,Hydrazinophthalazine derivatives
0904-6442-61,905395,C02DB,Hydrazinophthalazine derivatives
0904-6799-61,314077,C09AA,"ACE inhibitors, plain"
0904-6797-61,311354,C09AA,"ACE inhibitors, plain"
60687-0596-32,1244214,A07EA,Corticosteroids acting locally
49281-0400-10,1300206,J07AJ,Pertussis vaccines
17478-0209-10,860107,M01AB,Acetic acid derivatives and related substances
68084-0355-01,1049221,N02AJ,Opioids in combination with non-opioid analgesics
60505-1003-01,860107,M01AB,Acetic acid derivatives and related substances
55513-0144-10,1721685,B03XA,Other antianemic preparations
24208-0585-64,314238,S01FA,Anticholinergics
50383-0741-20,245314,R03AC,Selective beta-2-adrenoreceptor agonists
11980-0174-05,209002,S01BA,"Corticosteroids, plain"
63323-0542-01,1362831,B01AB,Heparin group
63739-0931-28,1361226,B01AB,Heparin group
0185-0831-01,541878,N06BA,Centrally acting sympathomimetics
0904-6596-04,349435,J02AC,Triazole and tetrazole derivatives
0603-1543-58,314182,B05XA,Electrolyte solutions
50580-0412-02,209459,N02BE,Anilides
0904-0202-61,856845,N06AA,Non-selective monoamine reuptake inhibitors
0338-1025-41,207391,J01CE,Beta-lactamase sensitive penicillins
70010-0754-01,197943,M03BA,Carbamic acid esters
68462-0260-01,897649,C08DA,Phenylalkylamine derivatives
10631-0407-01,1540356,D07AA,"Corticosteroids, weak (group I)"
0409-1412-10,282486,C03CA,"Sulfonamides, plain"
69238-1491-01,197419,C03CA,"Sulfonamides, plain"
0597-0149-60,1037181,B01AE,Direct thrombin inhibitors
51672-2003-06,309368,A01AB,Antiinfectives and antiseptics for local oral treatment
0338-0695-04,237367,B05BB,Solutions affecting the electrolyte balance
25021-0132-81,1665497,J01MA,Fluoroquinolones
51672-1274-06,238920,A07EA,Corticosteroids acting locally
67457-0853-50,307702,S01EC,Carbonic anhydrase inhibitors
66215-0402-01,1009216,B01AC,Platelet aggregation inhibitors excl. heparin
69315-0308-02,309307,S01AE,Fluoroquinolones
60687-0122-01,312617,H02AB,Glucocorticoids
68382-0412-01,198051,A02BC,Proton pump inhibitors
44567-0222-10,1721460,J01CF,Beta-lactamase resistant penicillins
0781-3408-95,1721476,J01CA,Penicillins with extended spectrum
0409-1207-03,1870650,D06AX,Other antibiotics for topical use
51079-0670-05,105585,L01BA,Folic acid analogues
51672-1298-02,203088,D01AC,Imidazole and triazole derivatives
69367-0162-04,1094107,G04BX,Other urologicals
42023-0124-01,856658,M03CA,Dantrolene and derivatives
60687-0357-01,197942,H03BB,Sulfur-containing imidazole derivatives
0591-3219-01,238134,A01AD,Other agents for local oral treatment
0591-0796-01,198232,A07EC,Aminosalicylic acid and similar agents
68084-0157-01,891881,N02AA,Natural opium alkaloids
0378-0261-01,197853,J02AB,Imidazole derivatives
59762-3742-02,1000114,G03DA,Pregnen (4) derivatives
51672-1280-01,349351,D07AB,"Corticosteroids, moderately potent (group II)"
65162-0351-09,577033,G04BE,Drugs used in erectile dysfunction
51079-0436-20,1000048,N06AA,Non-selective monoamine reuptake inhibitors
55513-0160-01,1597267,L01FX,Other monoclonal antibodies and antibody drug conjugates
0143-9384-01,1731077,A04AD,Other antiemetics
0904-6939-61,197797,L01XX,Other antineoplastic agents
0409-4759-01,283504,A04AA,Serotonin (5HT3) antagonists
70860-0777-20,283504,A04AA,Serotonin (5HT3) antagonists
70121-1239-01,1734919,L01AA,Nitrogen mustard analogues
0143-9511-01,310248,L01CB,Podophyllotoxin derivatives
0169-7201-01,798104,B02BD,Blood coagulation factors
0469-0420-99,1608815,J02AC,Triazole and tetrazole derivatives
0143-9519-10,1655960,L01BA,Folic acid analogues
0409-4282-02,1737763,N01BB,Amides
63323-0492-27,1737569,N01BB,Amides
72205-0026-01,1731077,A04AD,Other antiemetics
68084-0449-01,313190,L04AD,Calcineurin inhibitors
68084-0450-01,198377,L04AD,Calcineurin inhibitors
68727-0800-01,1746532,B01AX,Other antithrombotic agents
16729-0042-01,2665162,L04AD,Calcineurin inhibitors
16729-0277-30,1655960,L01BA,Folic acid analogues
25021-0241-10,253113,L01AB,Alkyl sulfonates
64980-0307-60,1101938,A01AA,Caries prophylactic agents
65862-0391-10,312087,A04AA,Serotonin (5HT3) antagonists
0555-0952-02,884386,N06BA,Centrally acting sympathomimetics
54092-0387-01,861226,N06BA,Centrally acting sympathomimetics
54092-0381-01,861238,N06BA,Centrally acting sympathomimetics
50458-0641-65,151228,N03AX,Other antiepileptics
0143-9721-24,1665507,J01MA,Fluoroquinolones
24338-0134-02,863603,D10AF,Antiinfectives for treatment of acne
70860-0700-02,860092,M01AB,Acetic acid derivatives and related substances
0641-6149-10,311936,N07AA,Anticholinesterases
48433-0202-30,343017,A06AA,"Softeners, emollients"
49281-0215-15,1190919,J07AM,Tetanus vaccines
0409-3718-01,1721474,J01CA,Penicillins with extended spectrum
11701-0038-16,998469,A01AB,Antiinfectives and antiseptics for local oral treatment
70756-0811-35,1053697,D07CB,"Corticosteroids, moderately potent, combinations with antibiotics"
36000-0008-24,1665210,J01MA,Fluoroquinolones
0517-4810-25,237205,C01DA,Organic nitrates
0472-0337-30,310891,D07AA,"Corticosteroids, weak (group I)"
51079-0418-20,198241,N05CD,Benzodiazepine derivatives
59762-5007-02,311727,A02BB,Prostaglandins
0121-1190-00,543014,A09AB,Acid preparations
61314-0326-01,1605075,L03AA,Colony stimulating factors
0944-2700-07,1809672,B06AA,Enzymes
25021-0221-60,311487,L01AA,Nitrogen mustard analogues
60258-0151-01,392038,A01AA,Caries prophylactic agents
0536-4068-01,311965,A11HA,Other plain vitamin preparations
16729-0090-01,310346,G04CB,Testosterone-5-alpha reductase inhibitors
63323-0569-84,854252,B01AB,Heparin group
0904-6450-61,353538,C01DA,Organic nitrates
50268-0754-15,198372,C03CA,"Sulfonamides, plain"
0904-6780-61,859751,C10AA,HMG CoA reductase inhibitors
63323-0010-02,313996,D06AX,Other antibiotics for topical use
65197-0001-01,861404,C04AX,Other peripheral vasodilators
61958-0701-01,639888,J05AR,"Antivirals for treatment of HIV infections, combinations"
0310-0282-39,721793,N05AH,"Diazepines, oxazepines, thiazepines and oxepines"
0310-0283-39,721795,N05AH,"Diazepines, oxazepines, thiazepines and oxepines"
0777-3104-02,205535,N06AB,Selective serotonin reuptake inhibitors
50458-0300-01,104781,N05AX,Other antipsychotics
24208-0463-25,314072,S01EE,Prostaglandin analogues
51079-0891-20,197417,C03CA,"Sulfonamides, plain"
59762-5017-01,197699,J02AC,Triazole and tetrazole derivatives
0781-9408-95,1721476,J01CA,Penicillins with extended spectrum
43478-0902-88,856460,C07AA,"Beta blocking agents, non-selective"
0338-6346-02,1795610,B05BA,Solutions for parenteral nutrition
0378-6220-01,856460,C07AA,"Beta blocking agents, non-selective"
68084-0189-01,854876,N05CF,Benzodiazepine related drugs
50458-0563-01,858055,N05AX,Other antipsychotics
0378-0327-01,310672,N05AD,Butyrophenone derivatives
50458-0564-01,858053,N05AX,Other antipsychotics
50458-0602-28,401953,N05AX,Other antipsychotics
0409-1593-04,198412,B05BB,Solutions affecting the electrolyte balance
50458-0601-28,403825,N05AX,Other antipsychotics
60505-2502-01,205284,L04AK,Dihydroorotate dehydrogenase (DHODH) inhibitors
66213-0425-10,1046978,A03CB,Belladonna and derivatives in combination with psycholeptics
51079-0118-20,991061,A03AA,"Synthetic anticholinergics, esters with tertiary amino group"
51672-4124-01,402505,N03AF,Carboxamide derivatives
72140-0031-47,1052954,D02AC,Soft paraffin and fat products
11980-0180-05,1548724,S01BA,"Corticosteroids, plain"
68084-0291-21,1483744,N07BB,Drugs used in alcohol dependence
63323-0280-10,1719286,C03CA,"Sulfonamides, plain"
0536-4406-01,1100457,A11HA,Other plain vitamin preparations
43199-0015-60,237723,A11CC,Vitamin D and analogues
51079-0392-20,993518,N06AX,Other antidepressants
0944-2700-06,1809671,B06AA,Enzymes
0703-5656-01,206831,L01CB,Podophyllotoxin derivatives
31722-0832-60,313566,J05AB,Nucleosides and nucleotides excl. reverse transcriptase inhibitors
61314-0318-10,1605071,L03AA,Colony stimulating factors
67546-0111-14,540617,P01AX,Other agents against amoebiasis and other protozoal diseases
58160-0842-11,1300378,J07AJ,Pertussis vaccines
0944-2700-04,1809668,B06AA,Enzymes
63323-0315-10,310442,J05AB,Nucleosides and nucleotides excl. reverse transcriptase inhibitors
66993-0062-72,308429,P01AX,Other agents against amoebiasis and other protozoal diseases
60505-3110-00,200034,N05AH,"Diazepines, oxazepines, thiazepines and oxepines"
63459-0348-04,1726102,L01AA,Nitrogen mustard analogues
57664-0175-08,314184,A07AA,Antibiotics
62559-0153-04,830196,A07DA,Antipropulsives
76310-0024-25,855613,J05AD,Phosphonic acid derivatives
0641-6053-25,1665697,N02AB,Phenylpiperidine derivatives
50111-0789-10,204844,J01FA,Macrolides
0591-0794-01,991061,A03AA,"Synthetic anticholinergics, esters with tertiary amino group"
55111-0292-09,313161,N02CC,Selective serotonin (5HT1) agonists
57894-0030-01,213361,L04AB,Tumor necrosis factor alpha (TNF-alpha) inhibitors
25021-0185-10,1999531,J05AB,Nucleosides and nucleotides excl. reverse transcriptase inhibitors
51079-0285-01,197591,N05BA,Benzodiazepine derivatives
43547-0288-10,993503,N06AX,Other antidepressants
67457-0582-10,861360,B01AX,Other antithrombotic agents
0169-1834-11,311027,A10AC,"Insulins and analogues for injection, intermediate-acting"
42023-0182-01,308351,B01AE,Direct thrombin inhibitors
67457-0593-04,861364,B01AX,Other antithrombotic agents
0904-7809-61,828348,M03BX,Other centrally acting agents
0168-0014-31,198707,D07AA,"Corticosteroids, weak (group I)"
0378-0150-01,197475,C03AA,"Thiazides, plain"
0574-7090-12,1291082,C05AA,Corticosteroids
63739-0591-10,310430,N02BF,Gabapentinoids
60505-7009-02,245136,N02AB,Phenylpiperidine derivatives
0185-0055-01,311671,C03BA,"Sulfonamides, plain"
61703-0324-18,1737449,M05BA,Bisphosphonates
60687-0112-21,199224,L02BG,Aromatase inhibitors
0121-1550-00,995868,R05DA,Opium alkaloids and derivatives
0406-9175-76,197696,N02AB,Phenylpiperidine derivatives
62559-0431-30,310891,D07AA,"Corticosteroids, weak (group I)"
0703-8411-04,1729205,C09AA,"ACE inhibitors, plain"
0378-0216-01,313988,C03CA,"Sulfonamides, plain"
0378-6231-01,283672,N06AB,Selective serotonin reuptake inhibitors
63739-0213-10,992447,D04AA,Antihistamines for topical use
62756-0356-64,312087,A04AA,Serotonin (5HT3) antagonists
68180-0352-09,312941,N06AB,Selective serotonin reuptake inhibitors
68084-0253-01,995218,N05BB,Diphenylmethane derivatives
17478-0288-10,1992303,C07AA,"Beta blocking agents, non-selective"
16729-0043-01,2665163,L04AD,Calcineurin inhibitors
49884-0412-01,858751,A05AA,Bile acids and derivatives
0781-2104-01,198378,L04AD,Calcineurin inhibitors
68084-0918-25,485023,L04AA,Selective immunosuppressants
0143-9674-01,308351,B01AE,Direct thrombin inhibitors
59762-1308-01,311345,J01XX,Other antibacterials
51079-0508-20,485020,L04AA,Selective immunosuppressants
16729-0041-01,2665161,L04AD,Calcineurin inhibitors
0781-3098-96,1722939,J01DH,Carbapenems
67457-0384-99,1361226,B01AB,Heparin group
60687-0438-01,200060,L04AA,Selective immunosuppressants
70121-1454-07,1722934,J01DH,Carbapenems
0121-0759-08,283077,H02AB,Glucocorticoids
0904-6623-61,313190,L04AD,Calcineurin inhibitors
0904-6796-04,313566,J05AB,Nucleosides and nucleotides excl. reverse transcriptase inhibitors
55150-0254-10,1010671,N01BB,Amides
65862-0496-47,313134,J01EC,Intermediate-acting sulfonamides
63323-0651-02,1654169,C01EB,Other cardiac preparations
58980-0410-12,104155,A06AX,Other drugs for constipation
0409-6625-14,1868486,B05XA,Electrolyte solutions
60432-0133-25,861487,D07AD,"Corticosteroids, very potent (group IV)"
58914-0501-56,583257,A07EC,Aminosalicylic acid and similar agents
0406-0512-01,1049221,N02AJ,Opioids in combination with non-opioid analgesics
0143-9689-10,858607,C08CA,Dihydropyridine derivatives
0832-0512-01,857328,N07AB,Choline esters
43386-0090-19,967012,B05CB,Salt solutions
68084-0533-01,317174,N05AH,"Diazepines, oxazepines, thiazepines and oxepines"
0641-6030-01,1735013,N01AH,Opioid anesthetics
50458-0306-11,706831,N05AX,Other antipsychotics
65162-0673-84,199387,N05AX,Other antipsychotics
70860-0601-10,311702,N05CD,Benzodiazepine derivatives
55513-0478-10,212218,B03XA,Other antianemic preparations
0781-3451-96,1665050,J01DB,First-generation cephalosporins
67457-0386-81,311881,L04AA,Selective immunosuppressants
67457-0433-22,1743833,A02BA,H2-receptor antagonists
51991-0906-01,198250,A01AB,Antiinfectives and antiseptics for local oral treatment
58468-0080-01,107050,L04AA,Selective immunosuppressants
60687-0113-01,884173,C02AC,Imidazoline receptor agonists
67457-0423-12,1812194,H02AB,Glucocorticoids
63395-0201-13,261361,N07AX,Other parasympathomimetics
49884-0311-91,403825,N05AX,Other antipsychotics
0904-6360-61,312831,N05AX,Other antipsychotics
51079-0323-01,199224,L02BG,Aromatase inhibitors
0904-6440-61,905199,C02DB,Hydrazinophthalazine derivatives
62037-0697-90,831248,C05AE,Muscle relaxants
0603-1508-58,702519,N03AA,Barbiturates and derivatives
69097-0426-02,485434,J05AF,Nucleoside and nucleotide reverse transcriptase inhibitors
0131-5410-70,995156,N03AX,Other antiepileptics
51079-0513-20,317573,A10BG,Thiazolidinediones
0904-5610-61,858817,C09AA,"ACE inhibitors, plain"
0904-5502-61,858813,C09AA,"ACE inhibitors, plain"
0409-5084-11,1659294,J01DD,Third-generation cephalosporins
50474-0802-03,722256,N04BC,Dopamine agonists
51079-0321-20,310346,G04CB,Testosterone-5-alpha reductase inhibitors
23155-0578-01,1099288,N06AA,Non-selective monoamine reuptake inhibitors
59762-5008-02,317128,A02BB,Prostaglandins
60687-0387-01,993466,C01CA,Adrenergic and dopaminergic agents
39822-0615-01,1117522,J01XB,Polymyxins
42367-0203-84,1804735,B01AE,Direct thrombin inhibitors
65293-0001-01,284534,B01AE,Direct thrombin inhibitors
51079-0067-20,1190572,A07DA,Antipropulsives
51672-1304-06,313226,G01AG,Triazole derivatives
0409-1144-05,1665057,C08DA,Phenylalkylamine derivatives
65162-0641-10,886662,C01BC,"Antiarrhythmics, class Ic"
47781-0470-13,312122,J05AH,Neuraminidase inhibitors
55111-0556-10,636631,L01BC,Pyrimidine analogues
42367-0570-87,313578,H01BA,Vasopressin and analogues
76329-3316-01,727373,A01AD,Other agents for local oral treatment
0641-6013-10,1791229,C08DB,Benzothiazepine derivatives
60505-0080-00,1923426,C07AA,"Beta blocking agents, non-selective"
70860-0100-10,1668238,J01FA,Macrolides
67457-0251-02,309710,N05CM,Other hypnotics and sedatives
42571-0101-01,199246,A10BB,Sulfonylureas
65162-0188-10,198013,M01AE,Propionic acid derivatives
51672-4131-01,198427,N03AX,Other antiepileptics
54092-0189-81,206791,A07EC,Aminosalicylic acid and similar agents
59762-0117-01,1368954,A07EC,Aminosalicylic acid and similar agents
0168-0040-46,197407,A07EA,Corticosteroids acting locally
67457-0211-02,310414,V03AB,Antidotes
76329-9061-00,310132,C01CA,Adrenergic and dopaminergic agents
0409-9104-20,1743938,C01CA,Adrenergic and dopaminergic agents
0409-1631-10,828527,A12AA,Calcium
68462-0292-01,897659,C08DA,Phenylalkylamine derivatives
50268-0594-15,198013,M01AE,Propionic acid derivatives
46122-0646-54,855633,M02AA,"Antiinflammatory preparations, non-steroids for topical use"
51079-0273-03,317094,N04BX,Other dopaminergic agents
68546-0142-56,637218,N04BD,Monoamine oxidase B inhibitors
0378-6160-01,856535,C07AA,"Beta blocking agents, non-selective"
0904-6778-61,859424,C10AA,HMG CoA reductase inhibitors
0409-5092-16,1659292,J01DD,Third-generation cephalosporins
68084-0186-01,904458,C10AA,HMG CoA reductase inhibitors
50268-0644-15,1049221,N02AJ,Opioids in combination with non-opioid analgesics
50268-0130-15,197417,C03CA,"Sulfonamides, plain"
60687-0535-01,197419,C03CA,"Sulfonamides, plain"
0597-0152-37,1545664,A10BK,Sodium-glucose co-transporter 2 (SGLT2) inhibitors
50268-0447-15,314055,C01DA,Organic nitrates
47781-0647-26,237723,A11CC,Vitamin D and analogues
0781-3059-95,104208,C01AA,Digitalis glycosides
53489-0386-01,197987,C02DC,Pyrimidine derivatives
65862-0841-30,485434,J05AF,Nucleoside and nucleotide reverse transcriptase inhibitors
47335-0672-81,830801,C08DB,Benzothiazepine derivatives
63323-0609-90,854245,B01AB,Heparin group
68462-0347-37,1049615,N02AA,Natural opium alkaloids
17478-0542-02,1654169,C01EB,Other cardiac preparations
60505-6142-05,1665050,J01DB,First-generation cephalosporins
68084-0790-25,857297,N06AA,Non-selective monoamine reuptake inhibitors
0904-5529-87,199047,A02BA,H2-receptor antagonists
0258-3711-01,856605,J05AC,Cyclic amines
51079-0223-20,200224,R03DC,Leukotriene receptor antagonists
63739-0367-10,206842,C01DA,Organic nitrates
0904-6358-61,312829,N05AX,Other antipsychotics
0781-3314-95,1804735,B01AE,Direct thrombin inhibitors
51672-2010-02,198707,D07AA,"Corticosteroids, weak (group I)"
51079-0519-20,991194,N05AA,Phenothiazines with aliphatic side-chain
60687-0149-94,200328,L01BC,Pyrimidine analogues
43598-0283-35,1790115,L01DB,Anthracyclines and related substances
47781-0569-26,103457,D07AC,"Corticosteroids, potent (group III)"
25010-0210-27,211509,C03CC,Aryloxyacetic acid derivatives
0173-0519-00,211200,B01AC,Platelet aggregation inhibitors excl. heparin
68850-0012-02,995609,J04AK,Other drugs for treatment of tuberculosis
60267-0705-50,237832,V03AB,Antidotes
52959-0586-05,245135,N02AB,Phenylpiperidine derivatives
60505-7007-02,245135,N02AB,Phenylpiperidine derivatives
42858-0304-16,897657,N02AA,Natural opium alkaloids
58468-0021-01,857226,V03AE,Drugs for treatment of hyperkalemia and hyperphosphatemia
60505-0749-05,1665050,J01DB,First-generation cephalosporins
51079-0889-20,312301,C04AD,Purine derivatives
64764-0080-60,794641,A06AX,Other drugs for constipation
0186-1988-04,616830,A07EA,Corticosteroids acting locally
25208-0002-01,1737468,B01AC,Platelet aggregation inhibitors excl. heparin
51079-0561-03,260218,N06BA,Centrally acting sympathomimetics
55253-0801-30,260218,N06BA,Centrally acting sympathomimetics
62756-0513-44,647121,N03AX,Other antiepileptics
17478-0101-12,313521,S01FA,Anticholinergics
62856-0389-01,1045460,L01XX,Other antineoplastic agents
51079-0165-03,349434,J02AC,Triazole and tetrazole derivatives
62584-0812-01,198057,N05BA,Benzodiazepine derivatives
27241-0062-03,349435,J02AC,Triazole and tetrazole derivatives
67457-0196-02,313324,A11DA,"Vitamin B1, plain"
0409-4346-73,1718760,B02AA,Amino acids
65862-0146-36,315223,N02CC,Selective serotonin (5HT1) agonists
63323-0265-30,314099,H02AB,Glucocorticoids
76478-0501-50,207468,N05CA,"Barbiturates, plain"
54092-0063-01,597857,L01XX,Other antineoplastic agents
49884-0724-01,197797,L01XX,Other antineoplastic agents
51079-0768-20,314285,N03AX,Other antiepileptics
68094-0001-62,892589,N02AA,Natural opium alkaloids
0115-1659-01,856448,C07AA,"Beta blocking agents, non-selective"
51645-0905-01,313323,A11DA,"Vitamin B1, plain"
50268-0616-13,312076,N05AH,"Diazepines, oxazepines, thiazepines and oxepines"
0703-6801-04,1000126,G03AC,Progestogens
0832-0301-01,991194,N05AA,Phenothiazines with aliphatic side-chain
0832-0303-01,991044,N05AA,Phenothiazines with aliphatic side-chain
39328-0064-12,644133,D08AX,Other antiseptics and disinfectants
17478-0380-20,864714,N07BC,Drugs used in opioid dependence
0832-0303-00,991044,N05AA,Phenothiazines with aliphatic side-chain
68084-0344-01,199889,N03AX,Other antiepileptics
64764-0240-60,617768,A06AX,Other drugs for constipation
63739-0677-10,317174,N05AH,"Diazepines, oxazepines, thiazepines and oxepines"
63459-0416-30,1299971,N03AG,Fatty acid derivatives
0904-7044-61,596930,N06AX,Other antidepressants
59746-0307-32,312076,N05AH,"Diazepines, oxazepines, thiazepines and oxepines"
0517-2502-10,240738,V04CG,Tests for gastric secretion
0378-0144-91,198240,L02BA,Anti-estrogens
68084-0590-25,259255,C10AA,HMG CoA reductase inhibitors
59746-0113-06,312635,N05AB,Phenothiazines with piperazine structure
59746-0115-06,198365,N05AB,Phenothiazines with piperazine structure
65649-0301-41,539789,A07AA,Antibiotics
69452-0150-20,1099681,N03AG,Fatty acid derivatives
63323-0403-10,1670195,N03AB,Hydantoin derivatives
67457-0430-10,1737449,M05BA,Bisphosphonates
0338-0049-10,1807630,B05XA,Electrolyte solutions
63323-0731-01,308869,A11CC,Vitamin D and analogues
55513-0221-01,1728095,B02BX,Other systemic hemostatics
0555-0788-02,861225,N06BA,Centrally acting sympathomimetics
60687-0226-01,856569,C07AA,"Beta blocking agents, non-selective"
0168-0081-30,1053753,D07CB,"Corticosteroids, moderately potent, combinations with antibiotics"
55150-0226-10,1234995,M03AC,Other quaternary ammonium compounds
68462-0333-90,859052,N04BC,Dopamine agonists
63323-0486-27,1010673,N01BB,Amides
47781-0589-91,311702,N05CD,Benzodiazepine derivatives
63323-0104-25,310248,L01CB,Podophyllotoxin derivatives
0703-4239-01,597195,L01XA,Platinum compounds
54092-0252-90,542465,V03AE,Drugs for treatment of hyperkalemia and hyperphosphatemia
59762-5026-01,310430,N02BF,Gabapentinoids
0406-0552-01,1049621,N02AA,Natural opium alkaloids
51801-0001-40,1088774,A12BA,Potassium
0904-6824-61,857002,N02AJ,Opioids in combination with non-opioid analgesics
29300-0135-01,884173,C02AC,Imidazoline receptor agonists
50268-0143-15,993687,N06AX,Other antidepressants
0781-1397-13,314035,N05AD,Butyrophenone derivatives
51079-0518-20,991039,N05AA,Phenothiazines with aliphatic side-chain
0781-3174-14,313165,N02CC,Selective serotonin (5HT1) agonists
10432-0065-01,204624,A11HA,Other plain vitamin preparations
65649-0231-41,404475,L04AX,Other immunosuppressants
0378-2520-93,197700,J02AC,Triazole and tetrazole derivatives
0469-0657-73,108514,L04AD,Calcineurin inhibitors
0143-1475-01,312617,H02AB,Glucocorticoids
51079-0973-20,861010,A10BA,Biguanides
51079-0509-20,485023,L04AA,Selective immunosuppressants
24385-0385-51,310273,A02BA,H2-receptor antagonists
51672-4117-04,312055,A07AA,Antibiotics
55150-0116-20,1659592,J01CR,"Combinations of penicillins, incl. beta-lactamase inhibitors"
0378-9102-93,861657,C01DA,Organic nitrates
0378-9104-93,486148,C01DA,Organic nitrates
49999-0649-90,849580,J01EC,Intermediate-acting sulfonamides
0487-9701-01,351109,A07EA,Corticosteroids acting locally
69097-0224-16,904431,M05BA,Bisphosphonates
45802-0425-78,997501,R06AX,Other antihistamines for systemic use
50242-0214-01,2058950,R03DX,Other systemic drugs for obstructive airway diseases
0409-4283-01,1010844,N01BB,Amides
42858-0701-01,313291,R03DA,Xanthines
50242-0215-01,2058946,R03DX,Other systemic drugs for obstructive airway diseases
65162-0897-03,402131,N05AX,Other antipsychotics
23155-0606-01,197738,D11AA,Antihidrotics
0904-6510-61,402131,N05AX,Other antipsychotics
65162-0896-03,602964,N05AX,Other antipsychotics
0143-3126-01,991061,A03AA,"Synthetic anticholinergics, esters with tertiary amino group"
43547-0268-10,312845,N04BC,Dopamine agonists
69076-0475-01,197738,D11AA,Antihidrotics
68084-0295-21,310489,A10BB,Sulfonylureas
0517-8210-25,262197,V03AB,Antidotes
0781-3655-69,854252,B01AB,Heparin group
0781-7077-87,142046,G01AF,Imidazole derivatives
0185-0940-98,848943,C10AC,Bile acid sequestrants
59746-0383-06,313215,G04CA,Alpha-adrenoreceptor antagonists
0143-9398-10,1734683,J01DH,Carbapenems
68546-0317-30,1111642,L03AX,Other immunostimulants
0904-6861-90,1099870,N03AG,Fatty acid derivatives
0904-6364-45,1099569,N03AG,Fatty acid derivatives
50268-0069-15,849389,N04BB,Adamantane derivatives
68084-0318-01,282401,N03AX,Other antiepileptics
60687-0234-01,859424,C10AA,HMG CoA reductase inhibitors
68180-0354-07,616749,C01EB,Other cardiac preparations
60687-0373-21,349556,C10AX,Other lipid modifying agents
0187-3010-30,903859,N07AA,Anticholinesterases
70377-0008-12,859751,C10AA,HMG CoA reductase inhibitors
23155-0071-01,197941,H03BB,Sulfur-containing imidazole derivatives
0115-1661-01,856519,C07AA,"Beta blocking agents, non-selective"
68084-0964-95,198175,H03BA,Thiouracils
63323-0365-01,312068,H01CB,Somatostatin and analogues
0409-7935-19,237649,B05BA,Solutions for parenteral nutrition
0904-0277-60,260476,A11HA,Other plain vitamin preparations
0472-0735-56,998483,D01AC,Imidazole and triazole derivatives
68084-0896-25,313582,N06AX,Other antidepressants
25021-0403-01,1362831,B01AB,Heparin group
0781-2323-68,403811,A04AD,Other antiemetics
63323-0417-10,199211,M03AC,Other quaternary ammonium compounds
66794-0219-43,1662285,J01XX,Other antibacterials
50742-0622-01,198036,C08CA,Dihydropyridine derivatives
12165-0100-01,1117536,D08AL,Silver compounds
67877-0124-05,106351,D06BA,Sulfonamides
68382-0917-11,197973,H02AB,Glucocorticoids
43598-0210-55,208185,D06BA,Sulfonamides
0904-6301-61,200031,C07AG,Alpha and beta blocking agents
51079-0385-20,308979,N03AF,Carboxamide derivatives
0409-1162-02,1724884,N01BB,Amides
59676-0570-01,758555,J05AG,Non-nucleoside reverse transcriptase inhibitors
49702-0224-18,729203,J05AX,Other antivirals
0703-2394-03,1234995,M03AC,Other quaternary ammonium compounds
0536-1232-01,198467,N02BA,Salicylic acid and derivatives
50419-0452-04,310181,G03CA,"Natural and semisynthetic estrogens, plain"
0555-0971-02,541878,N06BA,Centrally acting sympathomimetics
42023-0114-10,206972,N01AX,Other general anesthetics
68084-0388-01,885213,N04AC,Ethers of tropine or tropine derivatives
0378-2537-01,198316,C03DB,Other potassium-sparing agents
50474-0001-48,404595,N03AX,Other antiepileptics
0781-3040-95,903855,N07AA,Anticholinesterases
51079-0620-06,197388,L04AX,Other immunosuppressants
67457-0658-10,979432,C07AB,"Beta blocking agents, selective"
25021-0305-20,484152,C03AA,"Thiazides, plain"
58160-0826-11,1658060,J07BC,Hepatitis vaccines
63323-0652-10,1736546,C07AB,"Beta blocking agents, selective"
0456-0461-63,208544,H03AA,Thyroid hormones
0456-0458-01,208535,H03AA,Thyroid hormones
49938-0102-30,197558,J04BA,Drugs for treatment of lepra
68982-0623-03,1741423,B05AA,Blood substitutes and plasma protein fractions
0904-5415-01,992766,G01AF,Imidazole derivatives
50268-0684-15,312635,N05AB,Phenothiazines with piperazine structure
0338-1017-41,1721458,J01CF,Beta-lactamase resistant penicillins
76014-0004-33,1542385,C01CA,Adrenergic and dopaminergic agents
0469-0657-11,108514,L04AD,Calcineurin inhibitors
0641-6008-10,1727569,C03CA,"Sulfonamides, plain"
59762-1002-01,349208,L04AH,Mammalian target of rapamycin (mTOR) kinase inhibitors
65597-0103-30,352200,C09CA,"Angiotensin II receptor blockers (ARBs), plain"
60687-0121-25,835726,N07BB,Drugs used in alcohol dependence
49411-0050-30,211465,B02AA,Amino acids
43547-0367-03,349483,C09CA,"Angiotensin II receptor blockers (ARBs), plain"
25021-0310-02,240793,C02DD,Nitroferricyanide derivatives
65162-0778-10,1244214,A07EA,Corticosteroids acting locally
0186-1989-04,616817,A07EA,Corticosteroids acting locally
52565-0014-80,1085636,A01AC,Corticosteroids for local oral treatment
17478-0504-10,1737852,V03AB,Antidotes
16729-0295-12,597195,L01XA,Platinum compounds
0143-1769-01,314055,C01DA,Organic nitrates
63323-0273-01,313165,N02CC,Selective serotonin (5HT1) agonists
0904-2051-59,211482,R06AA,Aminoalkyl ethers
0591-3369-01,238154,N02BE,Anilides
0121-0581-04,141935,N05AD,Butyrophenone derivatives
68084-0249-01,314035,N05AD,Butyrophenone derivatives
60687-0368-01,885213,N04AC,Ethers of tropine or tropine derivatives
68084-0867-01,312138,N03AF,Carboxamide derivatives
60505-0823-06,313919,H05BA,Calcitonin preparations
0472-0381-15,197405,A07EA,Corticosteroids acting locally
68180-0319-06,993541,N06AX,Other antidepressants
67386-0313-21,1366196,N05BA,Benzodiazepine derivatives
50474-0598-66,807834,N03AX,Other antiepileptics
50474-0599-66,847673,N03AX,Other antiepileptics
0131-2480-35,809998,N03AX,Other antiepileptics
67386-0315-01,1191058,N05BA,Benzodiazepine derivatives
0173-0756-00,900145,N03AX,Other antiepileptics
63402-0202-30,1482513,N03AF,Carboxamide derivatives
51991-0901-01,246172,N05BA,Benzodiazepine derivatives
70127-0100-10,2058906,N03AX,Other antiepileptics
59762-1720-01,351257,C03DA,Aldosterone antagonists
59762-1710-02,351256,C03DA,Aldosterone antagonists
61314-0030-02,1923432,C07AA,"Beta blocking agents, non-selective"
51079-0145-20,898687,C09AA,"ACE inhibitors, plain"
0378-1030-93,351256,C03DA,Aldosterone antagonists
51293-0810-01,1094107,G04BX,Other urologicals
42023-0115-10,206970,N01AX,Other general anesthetics
0781-1392-13,310671,N05AD,Butyrophenone derivatives
51079-0172-20,861007,A10BA,Biguanides
51079-0868-20,197816,C03BA,"Sulfonamides, plain"
0781-2020-01,308182,J01CA,Penicillins with extended spectrum
50242-0100-40,205532,R05CB,Mucolytics
68180-0980-01,314076,C09AA,"ACE inhibitors, plain"
67457-0342-10,239209,A07AA,Antibiotics
17478-0605-10,1923433,C07AA,"Beta blocking agents, non-selective"
37205-0712-26,996520,R05DA,Opium alkaloids and derivatives
24208-0315-10,244967,J01EA,Trimethoprim and derivatives
55513-0028-01,731235,B03XA,Other antianemic preparations
0409-3299-06,237371,B05XA,Electrolyte solutions
64679-0936-02,310273,A02BA,H2-receptor antagonists
0378-1640-93,349434,J02AC,Triazole and tetrazole derivatives
0703-2045-03,199212,M03AC,Other quaternary ammonium compounds
51079-0164-03,349435,J02AC,Triazole and tetrazole derivatives
0310-0201-30,151124,L02BG,Aromatase inhibitors
0283-0679-02,808357,C05AD,Local anesthetics
59762-0930-02,349434,J02AC,Triazole and tetrazole derivatives
0378-1450-01,197892,N05AN,Lithium
60505-2586-00,312830,N05AX,Other antipsychotics
60758-0119-05,1376336,S01BA,"Corticosteroids, plain"
61314-0665-05,308345,S01EA,Sympathomimetics in glaucoma therapy
60758-0802-05,1923428,C07AA,"Beta blocking agents, non-selective"
0168-0059-60,1191310,D07AC,"Corticosteroids, potent (group III)"
63739-0016-10,830837,C08DB,Benzothiazepine derivatives
50268-0788-15,313565,J05AB,Nucleosides and nucleotides excl. reverse transcriptase inhibitors
0904-5784-61,310384,N06AB,Selective serotonin reuptake inhibitors
60793-0136-01,352277,M03BX,Other centrally acting agents
0187-0192-01,793872,C01DA,Organic nitrates
69452-0209-20,198037,C08CA,Dihydropyridine derivatives
24338-0230-12,2361313,C08CA,Dihydropyridine derivatives
0185-0130-01,197419,C03CA,"Sulfonamides, plain"
63323-0537-84,854252,B01AB,Heparin group
0904-5891-61,904458,C10AA,HMG CoA reductase inhibitors
55111-0678-10,861360,B01AX,Other antithrombotic agents
59762-1517-01,205323,L01XX,Other antineoplastic agents
51672-2035-06,998540,G01AF,Imidazole derivatives
0131-2477-35,810002,N03AX,Other antiepileptics
60687-0230-01,314285,N03AX,Other antiepileptics
49702-0228-13,1433879,J05AJ,Integrase inhibitors
59676-0566-30,1359271,J05AE,Protease inhibitors
60505-2584-00,312828,N05AX,Other antipsychotics
0186-0372-20,1246290,R03AK,"Adrenergics in combination with corticosteroids or other drugs, excl. anticholinergics"
51672-1309-01,848208,A07EA,Corticosteroids acting locally
64764-0300-20,1538142,L04AG,Monoclonal antibodies
68462-0332-90,859044,N04BC,Dopamine agonists
68084-0621-21,260218,N06BA,Centrally acting sympathomimetics
0378-6985-01,312997,R01AX,Other nasal preparations
60505-2587-00,312831,N05AX,Other antipsychotics
10702-0076-01,1091225,N06BA,Centrally acting sympathomimetics
67618-0150-01,211108,D08AG,Iodine products
60505-4643-03,855812,B01AC,Platelet aggregation inhibitors excl. heparin
0832-0310-11,1099681,N03AG,Fatty acid derivatives
43598-0636-10,1193358,N03AX,Other antiepileptics
14789-0220-10,1193358,N03AX,Other antiepileptics
0904-6860-61,1099678,N03AG,Fatty acid derivatives
0781-3125-95,1721460,J01CF,Beta-lactamase resistant penicillins
0378-0873-99,998679,C02AC,Imidazoline receptor agonists
50383-0233-10,1923432,C07AA,"Beta blocking agents, non-selective"
0781-3204-95,858607,C08CA,Dihydropyridine derivatives
61314-0206-15,1000897,S01EB,Parasympathomimetics
0173-0662-00,213483,J05AF,Nucleoside and nucleotide reverse transcriptase inhibitors
49702-0207-18,402110,J05AE,Protease inhibitors
44567-0510-01,309311,L01XA,Platinum compounds
42858-0302-25,897702,N02AA,Natural opium alkaloids
68462-0158-11,312087,A04AA,Serotonin (5HT3) antagonists
16729-0288-38,309311,L01XA,Platinum compounds
0781-5182-92,966222,H03AA,Thyroid hormones
68462-0638-01,198038,C01DA,Organic nitrates
25208-0002-02,1737472,B01AC,Platelet aggregation inhibitors excl. heparin
60687-0612-21,349483,C09CA,"Angiotensin II receptor blockers (ARBs), plain"
42211-0102-43,206969,M01AB,Acetic acid derivatives and related substances
0781-3124-95,1721458,J01CF,Beta-lactamase resistant penicillins
60432-0537-60,312055,A07AA,Antibiotics
42023-0172-04,311881,L04AA,Selective immunosuppressants
0409-2344-02,1812168,C01CA,Adrenergic and dopaminergic agents
10135-0147-02,198601,N01BB,Amides
0781-5400-92,859424,C10AA,HMG CoA reductase inhibitors
53489-0141-01,852920,C01BA,"Antiarrhythmics, class Ia"
51672-2075-01,1366116,D06AX,Other antibiotics for topical use
24338-0200-16,1423773,C08CA,Dihydropyridine derivatives
0574-0106-01,197411,G02CB,Prolactine inhibitors
63323-0617-20,1791859,C01CE,Phosphodiesterase inhibitors
68180-0677-11,312122,J05AH,Neuraminidase inhibitors
0472-0370-45,197407,A07EA,Corticosteroids acting locally
50458-0302-01,262222,N05AX,Other antipsychotics
0904-6505-61,996571,N06DX,Other anti-dementia drugs
63323-0360-61,197435,A12AA,Calcium
0517-1820-01,484152,C03AA,"Thiazides, plain"
65862-0676-01,308047,N05BA,Benzodiazepine derivatives
17478-0060-12,142004,S01XA,Other ophthalmologicals
59148-0021-50,849835,C03XA,Vasopressin antagonists
25021-0662-05,1234995,M03AC,Other quaternary ammonium compounds
39822-4200-06,1234995,M03AC,Other quaternary ammonium compounds
0781-3158-95,308769,B01AE,Direct thrombin inhibitors
0555-9009-42,751871,G03AA,"Progestogens and estrogens, fixed combinations"
68084-0111-01,314006,A10BB,Sulfonylureas
59762-0104-01,313142,A07EC,Aminosalicylic acid and similar agents
45802-0344-05,359817,N07BA,Drugs used in nicotine dependence
51079-0204-06,242679,J05AF,Nucleoside and nucleotide reverse transcriptase inhibitors
61958-0401-01,352050,J05AF,Nucleoside and nucleotide reverse transcriptase inhibitors
69543-0131-20,904431,M05BA,Bisphosphonates
39822-1000-01,238720,B02AA,Amino acids
67877-0319-01,197805,M01AE,Propionic acid derivatives
61314-0143-05,861200,D11AX,Other dermatologicals
43598-0436-11,198039,C01DA,Organic nitrates
60505-0033-06,312301,C04AD,Purine derivatives
60505-2642-03,199123,L02BB,Anti-androgens
69315-0905-01,197901,N05BA,Benzodiazepine derivatives
0143-9622-01,896771,C07AG,Alpha and beta blocking agents
67919-0030-01,1597620,J01DI,Other cephalosporins and penems
54838-0133-40,996520,R05DA,Opium alkaloids and derivatives
50419-0777-01,213224,J01MA,Fluoroquinolones
17478-0290-10,313415,J01GB,Other aminoglycosides
0169-4060-12,897126,A10BJ,Glucagon-like peptide-1 (GLP-1) analogues
0185-0720-01,310992,M01AB,Acetic acid derivatives and related substances
47781-0497-01,1251903,C03CC,Aryloxyacetic acid derivatives
0168-0055-46,238920,A07EA,Corticosteroids acting locally
13668-0094-90,859052,N04BC,Dopamine agonists
51079-0975-20,197904,C10AA,HMG CoA reductase inhibitors
51079-0516-20,991044,N05AA,Phenothiazines with aliphatic side-chain
0904-6172-61,308979,N03AF,Carboxamide derivatives
68084-0381-01,885219,N04AC,Ethers of tropine or tropine derivatives
76385-0104-01,885213,N04AC,Ethers of tropine or tropine derivatives
63459-0504-30,262219,N02AB,Phenylpiperidine derivatives
55111-0525-01,313190,L04AD,Calcineurin inhibitors
55111-0526-01,198377,L04AD,Calcineurin inhibitors
0409-4282-01,1737757,N01BB,Amides
50268-0570-12,260218,N06BA,Centrally acting sympathomimetics
60793-0115-01,903458,H03AA,Thyroid hormones
69315-0155-01,429503,C03AA,"Thiazides, plain"
59676-0320-04,212219,B03XA,Other antianemic preparations
63323-0172-60,597195,L01XA,Platinum compounds
0472-0371-45,197409,A07EA,Corticosteroids acting locally
64764-0451-25,261268,A10BG,Thiazolidinediones
0641-6116-10,1659592,J01CR,"Combinations of penicillins, incl. beta-lactamase inhibitors"
24385-0807-01,1053346,A06AD,Osmotically acting laxatives
0904-6624-61,198378,L04AD,Calcineurin inhibitors
0591-2579-20,863559,J05AB,Nucleosides and nucleotides excl. reverse transcriptase inhibitors
57237-0150-35,310353,J02AC,Triazole and tetrazole derivatives
67457-0790-05,647121,N03AX,Other antiepileptics
60758-0801-05,1992303,C07AA,"Beta blocking agents, non-selective"
0703-3218-01,312199,L01CD,Taxanes
44206-0251-10,1742406,B05AA,Blood substitutes and plasma protein fractions
0409-1208-01,199211,M03AC,Other quaternary ammonium compounds
66758-0050-03,1093280,L01CD,Taxanes
63323-0064-03,1658221,B05XA,Electrolyte solutions
0409-4031-01,311450,B05BC,Solutions producing osmotic diuresis
0641-6015-10,1791233,C08DB,Benzothiazepine derivatives
10147-0952-01,672567,N05AX,Other antipsychotics
68382-0079-01,310672,N05AD,Butyrophenone derivatives
42292-0027-20,672569,N05AX,Other antipsychotics
0904-6867-04,199159,D10AD,Retinoids for topical use in acne
0555-0808-02,199159,D10AD,Retinoids for topical use in acne
50242-0137-01,1657982,L04AC,Interleukin inhibitors
36000-0322-02,896771,C07AG,Alpha and beta blocking agents
0409-3720-01,1721476,J01CA,Penicillins with extended spectrum
46287-0500-30,313092,A06AD,Osmotically acting laxatives
45802-0873-05,359818,N07BA,Drugs used in nicotine dependence
60432-0466-08,309686,H02AB,Glucocorticoids
60505-7080-02,577057,N01AH,Opioid anesthetics
50268-0401-15,857002,N02AJ,Opioids in combination with non-opioid analgesics
43598-0210-40,208185,D06BA,Sulfonamides
68084-0371-01,833528,C01BD,"Antiarrhythmics, class III"
0904-6599-61,198076,N05AB,Phenothiazines with piperazine structure
49702-0205-48,152932,J05AF,Nucleoside and nucleotide reverse transcriptase inhibitors
68084-0697-01,993503,N06AX,Other antidepressants
25208-0002-03,1737468,B01AC,Platelet aggregation inhibitors excl. heparin
49884-0486-11,103968,N03AX,Other antiepileptics
61958-1801-01,1591949,J05AP,Antivirals for treatment of HCV infections
55111-0694-07,1728055,A04AA,Serotonin (5HT3) antagonists
0168-0058-15,1191302,D07AC,"Corticosteroids, potent (group III)"
63629-3383-03,996574,N06DX,Other anti-dementia drugs
45963-0418-06,616749,C01EB,Other cardiac preparations
50458-0577-10,2059017,B01AF,Direct factor Xa inhibitors
63459-0101-30,226426,N06BA,Centrally acting sympathomimetics
61703-0350-38,1946772,L01BA,Folic acid analogues
0406-9050-76,245135,N02AB,Phenylpiperidine derivatives
24208-0670-04,1006120,S01AB,Sulfonamides
62756-0796-88,1099625,N03AG,Fatty acid derivatives
57237-0047-01,1099678,N03AG,Fatty acid derivatives
45802-0056-35,197735,D06AX,Other antibiotics for topical use
0245-0012-01,904605,C07AA,"Beta blocking agents, non-selective"
66220-0207-30,582119,R05CB,Mucolytics
68084-0645-01,313413,M03BX,Other centrally acting agents
68084-0119-01,311725,N06AX,Other antidepressants
0378-0924-93,351265,N02AE,Oripavine derivatives
0378-0923-93,351264,N02AE,Oripavine derivatives
25021-0184-82,1721315,J02AC,Triazole and tetrazole derivatives
67457-0001-10,238084,N01AX,Other general anesthetics
60687-0215-01,856535,C07AA,"Beta blocking agents, non-selective"
60687-0224-01,310459,C10AB,Fibrates
10019-0925-01,1791593,L01AA,Nitrogen mustard analogues
0228-2067-10,198057,N05BA,Benzodiazepine derivatives
61314-0203-15,1000647,S01EB,Parasympathomimetics
59148-0006-13,615172,N05AX,Other antipsychotics
52015-0080-01,1111110,A07AA,Antibiotics
0185-0771-30,854905,C07AB,"Beta blocking agents, selective"
65597-0701-18,866912,C10AC,Bile acid sequestrants
51079-0938-20,313219,G04CA,Alpha-adrenoreceptor antagonists
24208-0635-62,310687,S02CA,Corticosteroids and antiinfectives in combination
0143-9552-01,237788,V03AF,Detoxifying agents for antineoplastic treatment
16729-0332-05,1736781,L01XA,Platinum compounds
68462-0293-01,897640,C08DA,Phenylalkylamine derivatives
0228-2571-11,197816,C03BA,"Sulfonamides, plain"
68084-0844-01,313584,N06AX,Other antidepressants
0591-5643-01,197986,C02DC,Pyrimidine derivatives
0378-1807-77,966253,H03AA,Thyroid hormones
0781-2145-01,308212,J01CA,Penicillins with extended spectrum
68084-0805-21,1091497,N06BA,Centrally acting sympathomimetics
63020-0049-01,402244,L01XG,Proteasome inhibitors
57894-0502-20,1726440,L01FC,CD38 (Clusters of Differentiation 38) inhibitors
67457-0215-01,311487,L01AA,Nitrogen mustard analogues
25021-0122-50,1665088,J01DE,Fourth-generation cephalosporins
66993-0068-85,314200,A02BC,Proton pump inhibitors
63323-0064-02,1658221,B05XA,Electrolyte solutions
67457-0181-20,238082,N01AX,Other general anesthetics
63459-0541-28,668622,N01AH,Opioid anesthetics
60505-7008-02,197696,N02AB,Phenylpiperidine derivatives
68817-0134-50,583218,L01CD,Taxanes
63323-0711-00,2055036,V03AF,Detoxifying agents for antineoplastic treatment
0703-3986-01,1736781,L01XA,Platinum compounds
61958-2002-01,1747697,J05AF,Nucleoside and nucleotide reverse transcriptase inhibitors
33342-0096-07,349251,J05AF,Nucleoside and nucleotide reverse transcriptase inhibitors
47781-0508-01,198250,A01AB,Antiinfectives and antiseptics for local oral treatment
61958-2501-01,1999673,J05AF,Nucleoside and nucleotide reverse transcriptase inhibitors
0781-1061-01,308047,N05BA,Benzodiazepine derivatives
0378-5052-01,476399,N04BA,Dopa and dopa derivatives
16571-0302-16,995868,R05DA,Opium alkaloids and derivatives
0469-0125-99,1307309,L02BB,Anti-androgens
0781-6270-43,283536,N03AF,Carboxamide derivatives
63304-0653-25,283536,N03AF,Carboxamide derivatives
0904-6509-04,602964,N05AX,Other antipsychotics
51079-0460-20,312828,N05AX,Other antipsychotics
57237-0018-90,596930,N06AX,Other antidepressants
0703-0113-03,1724340,N02AA,Natural opium alkaloids
0703-2056-03,199211,M03AC,Other quaternary ammonium compounds
13668-0080-30,242438,R03DC,Leukotriene receptor antagonists
60793-0116-01,903699,H03AA,Thyroid hormones
23155-0663-01,308868,A11CC,Vitamin D and analogues
63323-0883-30,1790100,L01DB,Anthracyclines and related substances
67457-0441-20,283504,A04AA,Serotonin (5HT3) antagonists
0703-5653-01,206831,L01CB,Podophyllotoxin derivatives
78206-0118-01,578806,A07EA,Corticosteroids acting locally
0409-7418-03,244250,B05AA,Blood substitutes and plasma protein fractions
24208-0485-10,310015,S01EC,Carbonic anhydrase inhibitors
69547-0353-02,1725064,V03AB,Antidotes
16729-0242-31,351114,M05BA,Bisphosphonates
63323-0426-10,1234995,M03AC,Other quaternary ammonium compounds
0338-0043-03,1807551,B05XA,Electrolyte solutions
51079-0486-20,865123,N05AB,Phenothiazines with piperazine structure
0781-1439-01,859841,N05AB,Phenothiazines with piperazine structure
0143-9786-10,1729205,C09AA,"ACE inhibitors, plain"
42571-0265-75,240793,C02DD,Nitroferricyanide derivatives
63323-0012-12,1791721,H01BB,Oxytocin and analogues
0168-0015-31,106258,D07AA,"Corticosteroids, weak (group I)"
0168-0060-60,1191315,D07AC,"Corticosteroids, potent (group III)"
0496-0748-04,1246076,D04AB,Anesthetics for topical use
51079-0277-20,856448,C07AA,"Beta blocking agents, non-selective"
66490-0690-10,207478,N03AA,Barbiturates and derivatives
17478-0937-25,1791233,C08DB,Benzothiazepine derivatives
65162-0914-46,348719,J01GB,Other aminoglycosides
68462-0639-45,198039,C01DA,Organic nitrates
24338-0132-13,686402,D10AF,Antiinfectives for treatment of acne
67457-0255-10,1193362,N03AX,Other antiepileptics
0904-6821-04,349251,J05AF,Nucleoside and nucleotide reverse transcriptase inhibitors
61958-2301-01,1858267,J05AF,Nucleoside and nucleotide reverse transcriptase inhibitors
0115-5211-16,1048445,C10AC,Bile acid sequestrants
51079-0921-20,197536,N05AH,"Diazepines, oxazepines, thiazepines and oxepines"
0409-0201-20,1093280,L01CD,Taxanes
0406-8390-62,891874,N02AA,Natural opium alkaloids
65862-0927-30,200172,G04CB,Testosterone-5-alpha reductase inhibitors
66689-0323-50,308976,N03AF,Carboxamide derivatives
0436-0672-16,644133,D08AX,Other antiseptics and disinfectants
60687-0163-01,309114,J01DB,First-generation cephalosporins
45802-0040-64,238600,D11AC,Medicated shampoos
0536-1962-97,210177,D10AB,Preparations containing sulfur
0121-4810-40,312055,A07AA,Antibiotics
0143-1254-01,197783,H02AB,Glucocorticoids
59730-4203-01,1658127,J06BB,Specific immunoglobulins
0338-0004-04,150985,V07AB,"Solvents and diluting agents, incl. irrigating solutions"
39822-1055-05,239240,J02AA,Antibiotics
0168-0021-31,308512,D06AX,Other antibiotics for topical use
60432-0126-08,860225,G03AC,Progestogens
68682-0012-27,617325,C03CC,Aryloxyacetic acid derivatives
36000-0048-24,1665515,J01MA,Fluoroquinolones
49884-0055-01,835564,N06AA,Non-selective monoamine reuptake inhibitors
10019-0055-61,1736543,C07AB,"Beta blocking agents, selective"
0338-0048-03,486515,B05CB,Salt solutions
0338-0048-04,486515,B05CB,Salt solutions
51079-0893-20,197419,C03CA,"Sulfonamides, plain"
0409-4279-02,1737562,N01BB,Amides
0168-0312-30,857366,D01AC,Imidazole and triazole derivatives
50458-0596-01,199387,N05AX,Other antipsychotics
0781-1071-01,197940,S01EC,Carbonic anhydrase inhibitors
45802-0048-35,884308,A07AA,Antibiotics
50242-0100-39,205532,R05CB,Mucolytics
63323-0713-13,1662285,J01XX,Other antibacterials
76329-1240-01,727625,B02BA,Vitamin K
16729-0114-31,310248,L01CB,Podophyllotoxin derivatives
0904-6601-61,198078,N05AB,Phenothiazines with piperazine structure
0904-6788-61,885219,N04AC,Ethers of tropine or tropine derivatives
0406-1144-01,1091150,N06BA,Centrally acting sympathomimetics
0409-7419-03,244250,B05AA,Blood substitutes and plasma protein fractions
0703-4246-01,597195,L01XA,Platinum compounds
49702-0222-48,213461,J05AF,Nucleoside and nucleotide reverse transcriptase inhibitors
49702-0221-44,213460,J05AF,Nucleoside and nucleotide reverse transcriptase inhibitors
17478-0766-10,260243,G03DA,Pregnen (4) derivatives
70860-0651-10,1234995,M03AC,Other quaternary ammonium compounds
0703-5140-01,1803932,V03AF,Detoxifying agents for antineoplastic treatment
63323-0122-50,311625,L01BA,Folic acid analogues
25021-0814-30,1803932,V03AF,Detoxifying agents for antineoplastic treatment
61703-0408-41,1655956,L01BA,Folic acid analogues
51079-0582-05,197862,V03AF,Detoxifying agents for antineoplastic treatment
16571-0421-03,199224,L02BG,Aromatase inhibitors
66689-0307-08,311880,L04AA,Selective immunosuppressants
70010-0051-40,863559,J05AB,Nucleosides and nucleotides excl. reverse transcriptase inhibitors
0121-0854-16,208406,J01EC,Intermediate-acting sulfonamides
0713-0683-15,197735,D06AX,Other antibiotics for topical use
57664-0135-65,198037,C08CA,Dihydropyridine derivatives
63402-0304-30,1040036,N05AE,Indole derivatives
0781-1048-01,198078,N05AB,Phenothiazines with piperazine structure
65862-0147-36,313161,N02CC,Selective serotonin (5HT1) agonists
51672-1386-03,103456,D07AC,"Corticosteroids, potent (group III)"
70069-0231-01,861200,D11AX,Other dermatologicals
10147-0881-06,310436,N06DA,Anticholinesterases
0378-5814-77,349201,C09CA,"Angiotensin II receptor blockers (ARBs), plain"
0472-0220-63,309368,A01AB,Antiinfectives and antiseptics for local oral treatment
0121-0531-07,702519,N03AA,Barbiturates and derivatives
66591-0800-30,210453,A11HA,Other plain vitamin preparations
51672-2018-02,203105,D07AA,"Corticosteroids, weak (group I)"
0641-6041-25,860092,M01AB,Acetic acid derivatives and related substances
0781-5239-64,312087,A04AA,Serotonin (5HT3) antagonists
0169-3685-12,977842,A10AD,"Insulins and analogues for injection, intermediate- or long-acting combined with fast-acting"
52565-0012-59,1191310,D07AC,"Corticosteroids, potent (group III)"
68084-0503-01,856535,C07AA,"Beta blocking agents, non-selective"
0168-0064-60,1191256,D07AC,"Corticosteroids, potent (group III)"
0378-6470-99,226552,N05CM,Other hypnotics and sedatives
51991-0819-01,856460,C07AA,"Beta blocking agents, non-selective"
76329-3339-01,1190546,A03BA,"Belladonna alkaloids, tertiary amines"
60687-0549-21,616749,C01EB,Other cardiac preparations
0115-3511-01,903857,N07AA,Anticholinesterases
0904-0428-06,1649988,J01AA,Tetracyclines
68462-0380-01,313291,R03DA,Xanthines
76204-0800-01,311286,R03AC,Selective beta-2-adrenoreceptor agonists
0143-9720-24,1665515,J01MA,Fluoroquinolones
0904-7162-61,861007,A10BA,Biguanides
68084-0112-01,315107,A10BB,Sulfonylureas
50474-0470-66,1739774,N03AX,Other antiepileptics
50474-0870-15,1739788,N03AX,Other antiepileptics
50474-0970-75,1739754,N03AX,Other antiepileptics
50474-0570-09,1739778,N03AX,Other antiepileptics
66993-0478-60,205328,J05AF,Nucleoside and nucleotide reverse transcriptase inhibitors
24208-0830-60,309680,S01CA,Corticosteroids and antiinfectives in combination
25021-0782-20,283504,A04AA,Serotonin (5HT3) antagonists
51079-0657-20,197316,R03CC,Selective beta-2-adrenoreceptor agonists
66993-0594-02,861237,N06BA,Centrally acting sympathomimetics
60687-0349-01,312743,N05AH,"Diazepines, oxazepines, thiazepines and oxepines"
0409-7248-03,310757,B05AA,Blood substitutes and plasma protein fractions
0536-0091-85,308078,A02AB,Aluminium compounds
76329-3304-01,828527,A12AA,Calcium
62175-0177-37,1299896,C09AA,"ACE inhibitors, plain"
0781-7238-64,1010604,N07BC,Drugs used in opioid dependence
50268-0145-15,351267,N02AE,Oripavine derivatives
0115-2111-01,905341,D06AA,Tetracycline and derivatives
51079-0027-20,852920,C01BA,"Antiarrhythmics, class Ia"
51079-0499-20,198427,N03AX,Other antiepileptics
38341-0106-77,892798,C05AD,Local anesthetics
25021-0233-20,1736781,L01XA,Platinum compounds
43598-0165-30,312079,N05AH,"Diazepines, oxazepines, thiazepines and oxepines"
0378-0156-01,198152,M04AB,Preparations increasing uric acid excretion
0591-5347-10,198152,M04AB,Preparations increasing uric acid excretion
68462-0435-18,835726,N07BB,Drugs used in alcohol dependence
60505-3250-06,205328,J05AF,Nucleoside and nucleotide reverse transcriptase inhibitors
0185-0128-01,197417,C03CA,"Sulfonamides, plain"
45802-0160-00,855633,M02AA,"Antiinflammatory preparations, non-steroids for topical use"
68462-0101-30,197701,J02AC,Triazole and tetrazole derivatives
16571-0600-96,831261,A07EB,"Antiallergic agents, excl. corticosteroids"
68094-0004-62,1014673,R06AE,Piperazine derivatives
59310-0302-40,1998774,A07EA,Corticosteroids acting locally
65162-0893-74,485496,N05AX,Other antipsychotics
50268-0627-15,863636,G04BD,Drugs for urinary frequency and incontinence
16729-0318-01,863619,G04BD,Drugs for urinary frequency and incontinence
36000-0306-60,483017,N02BE,Anilides
63739-0525-10,313565,J05AB,Nucleosides and nucleotides excl. reverse transcriptase inhibitors
60758-0188-05,310467,D06AX,Other antibiotics for topical use
65862-0021-06,283406,N06AX,Other antidepressants
49348-0950-04,312398,C05AX,Other agents for treatment of hemorrhoids and anal fissures for topical use
61990-0130-02,1659149,J01CR,"Combinations of penicillins, incl. beta-lactamase inhibitors"
11845-0118-31,435020,A11CC,Vitamin D and analogues
49999-0168-50,239191,J01CA,Penicillins with extended spectrum
60505-0794-04,854241,B01AB,Heparin group
63629-3774-01,1049586,N02AA,Natural opium alkaloids
0703-4412-11,1863355,L01CA,Vinca alkaloids and analogues
0143-9872-01,856443,C07AA,"Beta blocking agents, non-selective"
11980-0022-05,1012017,S01CA,Corticosteroids and antiinfectives in combination
52817-0364-10,198313,C03DB,Other potassium-sparing agents
51079-0581-06,197863,V03AF,Detoxifying agents for antineoplastic treatment
16729-0277-35,1655956,L01BA,Folic acid analogues
0121-0653-04,861848,N05AB,Phenothiazines with piperazine structure
63323-0281-10,865129,N05AB,Phenothiazines with piperazine structure
51079-0488-20,859841,N05AB,Phenothiazines with piperazine structure
69809-0127-05,104776,N05AH,"Diazepines, oxazepines, thiazepines and oxepines"
0121-0654-02,859835,N05AB,Phenothiazines with piperazine structure
0781-1436-13,865117,N05AB,Phenothiazines with piperazine structure
0904-6791-04,260218,N06BA,Centrally acting sympathomimetics
0472-0117-20,106302,D10AD,Retinoids for topical use in acne
0143-9701-01,1726324,L01CE,Topoisomerase 1 (TOP1) inhibitors
0517-0401-25,1666781,A03BA,"Belladonna alkaloids, tertiary amines"
0143-9702-01,1726319,L01CE,Topoisomerase 1 (TOP1) inhibitors
63323-0193-55,1726324,L01CE,Topoisomerase 1 (TOP1) inhibitors
50268-0303-15,310273,A02BA,H2-receptor antagonists
13668-0155-90,606730,A02BC,Proton pump inhibitors
61958-1401-01,1551999,V03AX,Other therapeutic products
51079-0852-03,310436,N06DA,Anticholinesterases
0187-0938-01,153655,N04BX,Other dopaminergic agents
0781-1961-60,197516,J01FA,Macrolides
11980-0801-03,1243587,S01BC,"Antiinflammatory agents, non-steroids"
24208-0457-25,854801,D11AX,Other dermatologicals
50222-0260-06,108959,D05AX,Other antipsoriatics for topical use
0168-0057-60,240209,A07EA,Corticosteroids acting locally
58406-0435-04,802652,L04AB,Tumor necrosis factor alpha (TNF-alpha) inhibitors
0409-1141-02,313016,B05XA,Electrolyte solutions
51079-0794-20,198012,M01AE,Propionic acid derivatives
60687-0338-01,616487,N05AH,"Diazepines, oxazepines, thiazepines and oxepines"
68180-0558-09,312749,C09AA,"ACE inhibitors, plain"
60505-7083-02,197696,N02AB,Phenylpiperidine derivatives
51991-0900-01,199450,N05BA,Benzodiazepine derivatives
67386-0314-01,1191056,N05BA,Benzodiazepine derivatives
24208-0735-01,1298066,S01FA,Anticholinergics
0143-9709-10,1791859,C01CE,Phosphodiesterase inhibitors
0143-9506-10,1654006,N01AX,Other general anesthetics
17478-0284-35,545236,D06AX,Other antibiotics for topical use
50383-0172-90,197448,A16AA,Amino acids and derivatives
47781-0304-03,725021,N06DA,Anticholinesterases
68382-0383-06,310261,L02BG,Aromatase inhibitors
0168-0201-30,309333,D10AF,Antiinfectives for treatment of acne
0115-1911-01,856605,J05AC,Cyclic amines
25010-0711-15,261330,N04BA,Dopa and dopa derivatives
53489-0552-01,861427,C01BC,"Antiarrhythmics, class Ic"
68084-0229-01,197388,L04AX,Other immunosuppressants
0904-6671-04,577033,G04BE,Drugs used in erectile dysfunction
60687-0206-01,830845,C08DB,Benzothiazepine derivatives
66689-0008-02,312055,A07AA,Antibiotics
0310-0280-39,853202,N05AH,"Diazepines, oxazepines, thiazepines and oxepines"
63323-0142-10,1791593,L01AA,Nitrogen mustard analogues
63323-0733-10,204870,V03AF,Detoxifying agents for antineoplastic treatment
0406-9075-76,197696,N02AB,Phenylpiperidine derivatives
0944-2700-02,1809665,J06BA,"Immunoglobulins, normal human"
63739-0665-10,312743,N05AH,"Diazepines, oxazepines, thiazepines and oxepines"
16729-0276-11,239177,L01BC,Pyrimidine analogues
60505-6132-07,1736781,L01XA,Platinum compounds
16729-0224-05,636631,L01BC,Pyrimidine analogues
61703-0319-22,249364,L01BC,Pyrimidine analogues
0517-0920-08,253113,L01AB,Alkyl sulfonates
59148-0070-91,284425,L01AB,Alkyl sulfonates
0574-0866-10,205175,L04AD,Calcineurin inhibitors
13533-0800-71,1809582,B06AA,Enzymes
58406-0425-34,261105,L04AB,Tumor necrosis factor alpha (TNF-alpha) inhibitors
50383-0810-16,307730,J05AB,Nucleosides and nucleotides excl. reverse transcriptase inhibitors
0591-5661-01,198238,M01AB,Acetic acid derivatives and related substances
63323-0424-05,204508,V03AB,Antidotes
0149-0009-05,201883,J01XE,Nitrofuran derivatives
68084-0294-21,845488,C09AA,"ACE inhibitors, plain"
0597-0153-37,1545668,A10BK,Sodium-glucose co-transporter 2 (SGLT2) inhibitors
54458-0871-10,197904,C10AA,HMG CoA reductase inhibitors
68094-0008-62,308976,N03AF,Carboxamide derivatives
25021-0158-99,239209,A07AA,Antibiotics
68462-0157-40,104894,A04AA,Serotonin (5HT3) antagonists
66689-0025-30,1049615,N02AA,Natural opium alkaloids
0456-1202-30,1307421,A06AX,Other drugs for constipation
17478-0503-05,1869281,V03AB,Antidotes
0781-7117-35,313921,D05AX,Other antipsoriatics for topical use
51991-0838-01,866144,R06AX,Other antihistamines for systemic use
0904-5062-60,198538,A12AA,Calcium
63323-0305-02,313416,J01GB,Other aminoglycosides
70710-1010-02,312122,J05AH,Neuraminidase inhibitors
0409-2337-25,1731345,V03AC,Iron chelating agents
69238-1489-01,197417,C03CA,"Sulfonamides, plain"
0168-0016-31,310861,D07AA,"Corticosteroids, weak (group I)"
51672-2080-01,992528,D01AE,Other antifungals for topical use
50242-0061-01,1657074,L01FG,VEGF/VEGFR (Vascular Endothelial Growth Factor / -Receptor) inhibitors
0310-0720-10,727954,L02BA,Anti-estrogens
0378-4122-01,359144,R03CC,Selective beta-2-adrenoreceptor agonists
55150-0158-72,1737568,N01BB,Amides
0597-0029-01,152697,M01AC,Oxicams
66302-0101-01,352211,B01AC,Platelet aggregation inhibitors excl. heparin
55150-0259-30,465377,R05CB,Mucolytics
68462-0208-01,1299896,C09AA,"ACE inhibitors, plain"
67457-0887-01,1000126,G03AC,Progestogens
0168-0020-31,203105,D07AA,"Corticosteroids, weak (group I)"
63323-0481-57,1010749,N01BB,Amides
51991-0895-33,485434,J05AF,Nucleoside and nucleotide reverse transcriptase inhibitors
59762-5015-01,197701,J02AC,Triazole and tetrazole derivatives
54838-0570-59,485496,N05AX,Other antipsychotics
0264-7800-10,1807634,B05XA,Electrolyte solutions
11980-0211-05,545243,S01BA,"Corticosteroids, plain"
0781-1764-13,835564,N06AA,Non-selective monoamine reuptake inhibitors
68084-0612-21,199123,L02BB,Anti-androgens
63739-0269-10,198240,L02BA,Anti-estrogens
51672-1267-05,1085728,A01AC,Corticosteroids for local oral treatment
70839-0150-30,1011738,C09XA,Renin-inhibitors
0781-1655-01,834102,J01CE,Beta-lactamase sensitive penicillins
0378-7155-01,1244214,A07EA,Corticosteroids acting locally
0536-4678-01,150921,A11DA,"Vitamin B1, plain"
0472-0082-16,307730,J05AB,Nucleosides and nucleotides excl. reverse transcriptase inhibitors
0409-6533-01,1807513,A07AA,Antibiotics
68084-0635-21,477562,C10AB,Fibrates
47783-0101-01,884702,B06AC,Drugs used in hereditary angioedema
65862-0840-03,403818,J01MA,Fluoroquinolones
68094-0853-62,1483744,N07BB,Drugs used in alcohol dependence
0409-4011-01,1665057,C08DA,Phenylalkylamine derivatives
67457-0340-01,1807513,A07AA,Antibiotics
68180-0614-07,721791,N05AH,"Diazepines, oxazepines, thiazepines and oxepines"
0245-0860-70,608934,G01AF,Imidazole derivatives
61703-0342-50,312199,L01CD,Taxanes
60687-0634-01,349201,C09CA,"Angiotensin II receptor blockers (ARBs), plain"
0378-5813-77,349199,C09CA,"Angiotensin II receptor blockers (ARBs), plain"
0781-3206-95,309092,J01DD,Third-generation cephalosporins
68992-3040-03,1664440,L04AD,Calcineurin inhibitors
68992-3010-03,1664463,L04AD,Calcineurin inhibitors
51079-0374-20,905516,N05BA,Benzodiazepine derivatives
65162-0689-88,311989,J01XE,Nitrofuran derivatives
51672-4002-05,317136,N06AA,Non-selective monoamine reuptake inhibitors
13533-0800-12,1809580,J06BA,"Immunoglobulins, normal human"
45963-0621-51,1740865,L01BB,Purine analogues
45963-0686-02,311487,L01AA,Nitrogen mustard analogues
0469-0520-14,1608333,J02AC,Triazole and tetrazole derivatives
0469-1425-90,2105817,L01EX,Other protein kinase inhibitors
55150-0164-02,1737757,N01BB,Amides
59762-0049-01,197973,H02AB,Glucocorticoids
49411-0052-08,754890,B02AA,Amino acids
63323-0132-10,197989,L01DB,Anthracyclines and related substances
0904-6761-30,1000990,R01AA,"Sympathomimetics, plain"
45802-0717-08,198245,G01AG,Triazole derivatives
24338-0200-12,1423773,C08CA,Dihydropyridine derivatives
63323-0024-25,311450,B05BC,Solutions producing osmotic diuresis
68462-0128-01,403966,N03AX,Other antiepileptics
0378-6727-05,314285,N03AX,Other antiepileptics
51079-0985-01,866094,N05BE,Azaspirodecanedione derivatives
66993-0597-02,861225,N06BA,Centrally acting sympathomimetics
0409-4888-50,1807631,B05XA,Electrolyte solutions
55111-0680-10,861365,B01AX,Other antithrombotic agents
16729-0094-01,199058,L04AA,Selective immunosuppressants
0409-2596-05,311702,N05CD,Benzodiazepine derivatives
65862-0842-30,485436,J05AF,Nucleoside and nucleotide reverse transcriptase inhibitors
70436-0007-04,432402,H05BX,Other anti-parathyroid agents
59762-0800-02,855194,G04BD,Drugs for urinary frequency and incontinence
54092-0173-12,313931,N03AF,Carboxamide derivatives
54092-0172-12,308977,N03AF,Carboxamide derivatives
68084-0203-01,96304,N03AA,Barbiturates and derivatives
0187-0993-95,209977,D06BB,Antivirals
49999-0747-04,238600,D11AC,Medicated shampoos
64980-0180-01,197703,J02AX,Other antimycotics for systemic use
0187-3555-10,207127,J02AX,Other antimycotics for systemic use
0187-3554-10,207125,J02AX,Other antimycotics for systemic use
61958-1201-01,1306298,V03AX,Other therapeutic products
0944-2658-04,1809738,J06BA,"Immunoglobulins, normal human"
13533-0800-20,1809578,B06AA,Enzymes
0527-1313-01,1000913,N07AX,Other parasympathomimetics
59762-1001-01,905158,L01EG,Mammalian target of rapamycin (mTOR) kinase inhibitors
0173-0681-01,759473,J05AH,Neuraminidase inhibitors
51672-4164-03,577237,D06BX,Other chemotherapeutics
25021-0826-82,1114085,M05BA,Bisphosphonates
0781-6041-46,239191,J01CA,Penicillins with extended spectrum
63323-0738-20,204441,A02BA,H2-receptor antagonists
51672-1290-01,1370754,D07AA,"Corticosteroids, weak (group I)"
0372-0006-04,213158,R05CA,Expectorants
43547-0276-09,997223,N06DA,Anticholinesterases
60429-0063-01,312138,N03AF,Carboxamide derivatives
0378-0030-01,197465,N05BA,Benzodiazepine derivatives
55390-0252-01,1740900,L01DC,Other cytotoxic antibiotics
0597-0190-61,859054,N04BC,Dopamine agonists
60505-4504-09,859751,C10AA,HMG CoA reductase inhibitors
42858-0802-01,891888,N02AA,Natural opium alkaloids
63010-0027-70,542370,J05AE,Protease inhibitors
59572-0415-21,643714,L04AX,Other immunosuppressants
61703-0343-18,197989,L01DB,Anthracyclines and related substances
69918-0501-05,849506,H01BA,Vasopressin and analogues
66658-0234-07,727714,L04AC,Interleukin inhibitors
66658-0234-28,727714,L04AC,Interleukin inhibitors
0703-4183-01,1729422,L01CA,Vinca alkaloids and analogues
49884-0315-55,401953,N05AX,Other antipsychotics
60687-0356-01,885219,N04AC,Ethers of tropine or tropine derivatives
50458-0320-06,104782,N05AX,Other antipsychotics
50458-0320-01,104782,N05AX,Other antipsychotics
68180-0612-07,853201,N05AH,"Diazepines, oxazepines, thiazepines and oxepines"
0409-1463-01,1866543,N02AF,Morphinan derivatives
59676-0278-01,1102277,J05AG,Non-nucleoside reverse transcriptase inhibitors
51991-0793-06,314214,N06DA,Anticholinesterases
0904-6363-45,1099563,N03AG,Fatty acid derivatives
0781-1874-31,562251,J01CR,"Combinations of penicillins, incl. beta-lactamase inhibitors"
0591-3870-44,996571,N06DX,Other anti-dementia drugs
25021-0113-87,1721314,J02AC,Triazole and tetrazole derivatives
60687-0451-21,351256,C03DA,Aldosterone antagonists
51672-2037-01,309370,D01AC,Imidazole and triazole derivatives
51672-4017-01,197685,M01AB,Acetic acid derivatives and related substances
0168-0089-30,1053697,D07CB,"Corticosteroids, moderately potent, combinations with antibiotics"
63323-0103-51,309311,L01XA,Platinum compounds
50268-0177-15,242461,B01AC,Platelet aggregation inhibitors excl. heparin
63323-0960-10,581531,J01AA,Tetracyclines
17478-0100-02,1298066,S01FA,Anticholinergics
39822-1201-02,314124,B05CA,Antiinfectives
43598-0931-09,1723232,H01BA,Vasopressin and analogues
0378-9112-93,486152,C01DA,Organic nitrates
24208-0505-10,1150836,S01ED,Beta blocking agents
68462-0359-01,311893,M01AX,"Other antiinflammatory and antirheumatic agents, non-steroids"
61958-1901-01,1721619,V03AX,Other therapeutic products
0378-0427-01,198238,M01AB,Acetic acid derivatives and related substances
36000-0047-24,1665507,J01MA,Fluoroquinolones
0536-1056-56,486131,D10AE,Peroxides
67457-0238-02,1740865,L01BB,Purine analogues
41167-0006-09,1101448,R06AA,Aminoalkyl ethers
55111-0527-01,198378,L04AD,Calcineurin inhibitors
68084-0281-01,308988,N04BA,Dopa and dopa derivatives
58468-0357-03,828267,L04AG,Monoclonal antibodies
50242-0051-21,1657864,L01FA,CD20 (Clusters of Differentiation 20) inhibitors
0904-6583-04,199147,J05AF,Nucleoside and nucleotide reverse transcriptase inhibitors
0378-5041-91,313108,J05AF,Nucleoside and nucleotide reverse transcriptase inhibitors
0904-6786-61,485023,L04AA,Selective immunosuppressants
0904-6615-61,1099596,N03AG,Fatty acid derivatives
60687-0211-21,1099625,N03AG,Fatty acid derivatives
70710-1530-01,1790115,L01DB,Anthracyclines and related substances
0143-1458-01,198083,N03AA,Barbiturates and derivatives
67877-0545-88,309113,J01DB,First-generation cephalosporins
50090-0215-00,993755,N02BE,Anilides
13533-0634-02,1087395,J06BB,Specific immunoglobulins
0430-3754-14,890918,G03CA,"Natural and semisynthetic estrogens, plain"
43478-0900-88,856535,C07AA,"Beta blocking agents, non-selective"
51079-0978-20,308988,N04BA,Dopa and dopa derivatives
0378-3925-93,834235,M04AA,Preparations inhibiting uric acid production
45802-0098-51,238151,A07EC,Aminosalicylic acid and similar agents
0456-1405-30,751623,C07AB,"Beta blocking agents, selective"
57237-0108-01,402698,C08CA,Dihydropyridine derivatives
0703-4685-01,197989,L01DB,Anthracyclines and related substances
23155-0290-42,1723160,J01GB,Other aminoglycosides
0168-0416-30,314266,D11AH,"Agents for dermatitis, excluding corticosteroids"
51672-1365-04,1191310,D07AC,"Corticosteroids, potent (group III)"
68727-0745-02,1942748,L01XY,Combinations of antineoplastic agents
0254-2045-02,1482908,J02AC,Triazole and tetrazole derivatives
69468-0151-04,1739800,A16AX,Various alimentary tract and metabolism products
55150-0251-10,1010033,N01BB,Amides
24208-0002-02,582692,B06AA,Enzymes
0472-0380-45,238920,A07EA,Corticosteroids acting locally
80681-0019-00,198025,A11HA,Other plain vitamin preparations
42023-0189-10,311936,N07AA,Anticholinesterases
0378-0052-01,198105,C07AA,"Beta blocking agents, non-selective"
67457-0852-04,242969,C01CA,Adrenergic and dopaminergic agents
54738-0913-01,835564,N06AA,Non-selective monoamine reuptake inhibitors
63323-0173-02,1870676,D06AX,Other antibiotics for topical use
43386-0161-01,317128,A02BB,Prostaglandins
50458-0586-01,1091187,N06BA,Centrally acting sympathomimetics
76075-0101-01,1806942,L01XG,Proteasome inhibitors
49348-0277-34,977986,A07DA,Antipropulsives
30698-0143-01,209006,A11CC,Vitamin D and analogues
60505-3112-00,312079,N05AH,"Diazepines, oxazepines, thiazepines and oxepines"
60505-0165-01,903891,N06AB,Selective serotonin reuptake inhibitors
70594-0056-03,1807510,A07AA,Antibiotics
0173-0633-02,105019,N03AX,Other antiepileptics
0310-1105-30,2047639,V03AE,Drugs for treatment of hyperkalemia and hyperphosphatemia
0168-0033-46,197409,A07EA,Corticosteroids acting locally
63739-0005-32,313776,N05AE,Indole derivatives
51079-0574-20,198325,N05AB,Phenothiazines with piperazine structure
0904-6270-08,313776,N05AE,Indole derivatives
68752-0692-60,308694,D10AE,Peroxides
68382-0309-30,486148,C01DA,Organic nitrates
0378-3025-01,857297,N06AA,Non-selective monoamine reuptake inhibitors
61958-0403-01,1243346,J05AF,Nucleoside and nucleotide reverse transcriptase inhibitors
68180-0602-07,199147,J05AF,Nucleoside and nucleotide reverse transcriptase inhibitors
64980-0514-05,1992303,C07AA,"Beta blocking agents, non-selective"
0832-0510-00,857336,N07AB,Choline esters
16729-0050-54,317160,L01AX,Other alkylating agents
63459-0104-50,2105835,L01FA,CD20 (Clusters of Differentiation 20) inhibitors
57962-0140-09,1442992,L01EL,Bruton's tyrosine kinase (BTK) inhibitors
72266-0102-01,896771,C07AG,Alpha and beta blocking agents
0143-1480-01,198175,H03BA,Thiouracils
0206-8861-01,1659139,J01CR,"Combinations of penicillins, incl. beta-lactamase inhibitors"
25021-0202-51,597195,L01XA,Platinum compounds
63323-0192-02,1740865,L01BB,Purine analogues
0703-4094-01,1728055,A04AA,Serotonin (5HT3) antagonists
70860-0208-51,1191138,L01DB,Anthracyclines and related substances
0143-1765-01,197838,C01DA,Organic nitrates
0409-6509-01,313572,A07AA,Antibiotics
51079-0755-20,197443,N04BA,Dopa and dopa derivatives
17478-0713-10,312075,S01AE,Fluoroquinolones
60687-0555-01,197528,N03AE,Benzodiazepine derivatives
65862-0830-30,855812,B01AC,Platelet aggregation inhibitors excl. heparin
57664-0392-88,313582,N06AX,Other antidepressants
67877-0605-30,855812,B01AC,Platelet aggregation inhibitors excl. heparin
53746-0641-01,886662,C01BC,"Antiarrhythmics, class Ic"
61314-0204-15,1000862,S01EB,Parasympathomimetics
0338-0126-12,2179749,A10AB,"Insulins and analogues for injection, fast-acting"
39822-0706-02,313115,A07AA,Antibiotics
0904-6710-15,310519,V06DC,Carbohydrates
0517-0710-01,310414,V03AB,Antidotes
63323-0180-01,312736,A11HA,Other plain vitamin preparations
60687-0493-01,897659,C08DA,Phenylalkylamine derivatives
0409-1749-29,1673243,N01BB,Amides
0378-9116-93,486146,C01DA,Organic nitrates
51079-0216-20,314106,A02BD,Combinations for eradication of Helicobacter pylori
51672-1309-03,848208,A07EA,Corticosteroids acting locally
42457-0420-60,1928941,A16AA,Amino acids and derivatives
43598-0392-48,311487,L01AA,Nitrogen mustard analogues
24201-0237-01,1740864,L01BB,Purine analogues
61314-0016-01,1191013,S01HA,Local anesthetics
24201-0400-02,308866,H05BA,Calcitonin preparations
0456-2410-63,859979,N05AH,"Diazepines, oxazepines, thiazepines and oxepines"
61958-0501-01,881343,J05AF,Nucleoside and nucleotide reverse transcriptase inhibitors
13811-0682-30,349490,N05AX,Other antipsychotics
59676-0565-01,1236632,J05AE,Protease inhibitors
59762-3140-01,141963,J01FA,Macrolides
0456-1110-30,1086776,N06AX,Other antidepressants
0904-6801-61,853201,N05AH,"Diazepines, oxazepines, thiazepines and oxepines"
68084-0996-01,312593,C02CA,Alpha-adrenoreceptor antagonists
24208-0295-25,309683,J01GB,Other aminoglycosides
61703-0339-56,597195,L01XA,Platinum compounds
50458-0308-11,706829,N05AX,Other antipsychotics
68180-0615-07,721794,N05AH,"Diazepines, oxazepines, thiazepines and oxepines"
0555-0997-02,313979,H02AA,Mineralocorticoids
0641-6046-10,238100,N05BA,Benzodiazepine derivatives
55513-0025-04,730046,B03XA,Other antianemic preparations
61958-1501-01,1484922,J05AP,Antivirals for treatment of HCV infections
68084-0059-21,199655,R03DC,Leukotriene receptor antagonists
68462-0358-01,311892,M01AX,"Other antiinflammatory and antirheumatic agents, non-steroids"
61958-0801-01,722124,C02KX,Antihypertensives for pulmonary arterial hypertension
0904-0012-61,1363309,R06AB,Substituted alkylamines
0597-0360-82,1037049,B01AE,Direct thrombin inhibitors
62332-0025-31,317769,R03DA,Xanthines
0406-9125-76,245134,N02AB,Phenylpiperidine derivatives
61703-0326-18,1737453,M05BA,Bisphosphonates
49884-0563-11,850087,N03AX,Other antiepileptics
0310-0275-10,153638,N05AH,"Diazepines, oxazepines, thiazepines and oxepines"
69102-0359-11,753451,N03AX,Other antiepileptics
0409-1180-69,1242106,N02AB,Phenylpiperidine derivatives
0574-7224-06,897749,N02AA,Natural opium alkaloids
24208-0434-05,312075,S01AE,Fluoroquinolones
65862-0603-30,311787,J01MA,Fluoroquinolones
45963-0613-59,312199,L01CD,Taxanes
0169-2550-13,1670023,A10AE,"Insulins and analogues for injection, long-acting"
0169-2660-97,1670016,A10AE,"Insulins and analogues for injection, long-acting"
60758-0880-05,310377,S01BA,"Corticosteroids, plain"
0115-6811-10,993541,N06AX,Other antidepressants
60687-0586-01,198202,J04AB,Antibiotics
0536-1055-56,308694,D10AE,Peroxides
54838-0005-30,2171111,A11HA,Other plain vitamin preparations
63323-0187-30,1807571,B05XA,Electrolyte solutions
0143-9729-05,885205,N04AC,Ethers of tropine or tropine derivatives
57782-0397-26,1797851,R01AC,"Antiallergic agents, excl. corticosteroids"
50419-0488-58,615979,L01EX,Other protein kinase inhibitors
0168-0293-30,861434,D07AD,"Corticosteroids, very potent (group IV)"
0555-0899-02,197657,G03CA,"Natural and semisynthetic estrogens, plain"
42799-0806-01,311207,P02CF,Avermectines
55111-0679-10,861363,B01AX,Other antithrombotic agents
67457-0583-04,861363,B01AX,Other antithrombotic agents
63323-0471-01,1719803,N05AD,Butyrophenone derivatives
51862-0320-01,903456,H03AA,Thyroid hormones
51079-0141-20,905495,N05BA,Benzodiazepine derivatives
0832-1120-35,1597129,G03BA,3-oxoandrosten (4) derivatives
50268-0311-12,477560,C10AB,Fibrates
62756-0517-88,197443,N04BA,Dopa and dopa derivatives
67877-0259-30,636664,N04BD,Monoamine oxidase B inhibitors
60432-0212-08,283077,H02AB,Glucocorticoids
58980-0610-30,198886,B05BC,Solutions producing osmotic diuresis
51672-4130-01,282401,N03AX,Other antiepileptics
0703-5054-01,849501,H01BA,Vasopressin and analogues
0168-0201-60,309333,D10AF,Antiinfectives for treatment of acne
0527-1552-01,238134,A01AD,Other agents for local oral treatment
65862-0476-01,198189,C09AA,"ACE inhibitors, plain"
0904-6772-12,211482,R06AA,Aminoalkyl ethers
69413-0330-30,201912,P01BD,Diaminopyrimidines
0185-0757-01,198228,J01EC,Intermediate-acting sulfonamides
55150-0162-05,1737566,N01BB,Amides
0536-1277-80,106258,D07AA,"Corticosteroids, weak (group I)"
23155-0043-03,205284,L04AK,Dihydroorotate dehydrogenase (DHODH) inhibitors
55150-0112-10,1721474,J01CA,Penicillins with extended spectrum
0409-3178-03,1010751,N01BB,Amides
60793-0702-10,731571,J01CE,Beta-lactamase sensitive penicillins
60687-0420-25,900575,J05AE,Protease inhibitors
60432-0065-75,617322,J01CR,"Combinations of penicillins, incl. beta-lactamase inhibitors"
69097-0965-07,311892,M01AX,"Other antiinflammatory and antirheumatic agents, non-steroids"
0904-3854-61,308973,N03AF,Carboxamide derivatives
0641-6127-25,1731993,N02AA,Natural opium alkaloids
61953-0005-02,1809477,B06AA,Enzymes
50881-0010-60,1193337,D11AH,"Agents for dermatitis, excluding corticosteroids"
37000-0475-08,211176,A07BB,Bismuth preparations
24208-0780-55,308493,S01AA,Antibiotics
14789-0012-02,240793,C02DD,Nitroferricyanide derivatives
12496-1208-03,1010606,N07BC,Drugs used in opioid dependence
70121-1605-07,1667915,C01CA,Adrenergic and dopaminergic agents
42388-0024-26,1790167,L01EX,Other protein kinase inhibitors
55513-0730-01,1046402,M05BX,Other drugs affecting bone structure and mineralization
53489-0330-01,835593,N06AA,Non-selective monoamine reuptake inhibitors
0904-6019-46,199123,L02BB,Anti-androgens
0781-3416-94,351209,J02AC,Triazole and tetrazole derivatives
51079-0515-20,312441,A10BG,Thiazolidinediones
65757-0300-01,637216,N07BB,Drugs used in alcohol dependence
62332-0518-05,313415,J01GB,Other aminoglycosides
23155-0216-31,199388,J05AB,Nucleosides and nucleotides excl. reverse transcriptase inhibitors
0591-5347-01,198152,M04AB,Preparations increasing uric acid excretion
55390-0070-01,1729422,L01CA,Vinca alkaloids and analogues
10019-0926-02,1791588,L01AA,Nitrogen mustard analogues
42023-0157-01,617325,C03CC,Aryloxyacetic acid derivatives
0487-9601-01,349094,A07EA,Corticosteroids acting locally
60505-0750-04,309092,J01DD,Third-generation cephalosporins
0406-1473-01,1091225,N06BA,Centrally acting sympathomimetics
60687-0504-01,897640,C08DA,Phenylalkylamine derivatives
60505-0769-00,313920,J01DB,First-generation cephalosporins
0904-6991-04,483442,N02BF,Gabapentinoids
10019-0120-01,1736546,C07AB,"Beta blocking agents, selective"
68094-0123-62,283536,N03AF,Carboxamide derivatives
60687-0105-21,1000114,G03DA,Pregnen (4) derivatives
45802-0438-03,106258,D07AA,"Corticosteroids, weak (group I)"
0378-5053-01,476515,N04BA,Dopa and dopa derivatives
48433-0230-15,204913,H03CA,Iodine therapy
27808-0086-01,1087459,R05DA,Opium alkaloids and derivatives
0536-1109-45,198886,B05BC,Solutions producing osmotic diuresis
51672-1293-02,861487,D07AD,"Corticosteroids, very potent (group IV)"
59630-0266-10,2265711,J01DI,Other cephalosporins and penems
0143-9746-10,857635,R03AC,Selective beta-2-adrenoreceptor agonists
51862-0321-01,903697,H03AA,Thyroid hormones
59762-1003-01,360110,L01EG,Mammalian target of rapamycin (mTOR) kinase inhibitors
0884-0449-04,212428,B05BC,Solutions producing osmotic diuresis
0536-1106-88,198031,N07BA,Drugs used in nicotine dependence
57970-0100-01,1539248,J01XA,Glycopeptide antibacterials
68180-0280-01,995599,J04AK,Other drugs for treatment of tuberculosis
0555-0066-02,311166,J04AC,Hydrazides
0409-4276-02,1010033,N01BB,Amides
24208-0585-59,314238,S01FA,Anticholinergics
49702-0202-18,213088,J05AF,Nucleoside and nucleotide reverse transcriptase inhibitors
51079-0434-20,860215,G03AC,Progestogens
0574-0791-01,197940,S01EC,Carbonic anhydrase inhibitors
59212-0425-10,1046978,A03CB,Belladonna and derivatives in combination with psycholeptics
60687-0286-21,197411,G02CB,Prolactine inhibitors
0378-2042-01,197411,G02CB,Prolactine inhibitors
13533-0602-50,1659991,B01AB,Heparin group
16729-0364-68,581531,J01AA,Tetracyclines
69452-0132-17,310004,C01BD,"Antiarrhythmics, class III"
53489-0551-01,861424,C01BC,"Antiarrhythmics, class Ic"
69452-0133-17,310005,C01BD,"Antiarrhythmics, class III"
69452-0131-17,310003,C01BD,"Antiarrhythmics, class III"
70257-0051-51,1658423,J06BB,Specific immunoglobulins
16729-0114-08,310248,L01CB,Podophyllotoxin derivatives
0703-5748-11,309311,L01XA,Platinum compounds
47781-0607-30,197623,N07BB,Drugs used in alcohol dependence
47335-0361-41,636631,L01BC,Pyrimidine analogues
0409-1903-01,857962,C01BA,"Antiarrhythmics, class Ia"
0409-1902-01,857886,C01BA,"Antiarrhythmics, class Ia"
0597-0355-56,1037181,B01AE,Direct thrombin inhibitors
0185-0271-01,198056,A14AA,Androstan derivatives
0310-6210-30,1486977,A10BK,Sodium-glucose co-transporter 2 (SGLT2) inhibitors
0555-0138-09,310436,N06DA,Anticholinesterases
67457-0197-10,238720,B02AA,Amino acids
36000-0001-24,311683,J01XD,Imidazole derivatives
67457-0208-50,1736590,V03AF,Detoxifying agents for antineoplastic treatment
67457-0513-05,239179,L01DA,Actinomycines
55111-0685-07,351114,M05BA,Bisphosphonates
54092-0702-02,1148145,B06AC,Drugs used in hereditary angioedema
63323-0464-37,1725177,N01BB,Amides
0264-2201-00,486515,B05CB,Salt solutions
62332-0042-30,200095,C09CA,"Angiotensin II receptor blockers (ARBs), plain"
0574-7112-12,892516,N02AA,Natural opium alkaloids
0409-2634-05,1724340,N02AA,Natural opium alkaloids
0409-9045-17,1672919,N01BB,Amides
51991-0526-33,313222,D01BA,Antifungals for systemic use
71287-0119-01,1987407,L01XL,Antineoplastic cell and gene therapy
0591-2070-72,197877,N01BB,Amides
49702-0223-18,729201,J05AX,Other antivirals
0178-0610-01,603281,A12BA,Potassium
65162-0698-90,283523,N02BF,Gabapentinoids
25021-0400-30,1361226,B01AB,Heparin group
45963-0342-02,1099300,N06AA,Non-selective monoamine reuptake inhibitors
23155-0582-01,1099292,N06AA,Non-selective monoamine reuptake inhibitors
0781-1975-01,1099292,N06AA,Non-selective monoamine reuptake inhibitors
76478-0501-20,207468,N05CA,"Barbiturates, plain"
44567-0436-24,1665507,J01MA,Fluoroquinolones
63323-0351-20,312821,J04AB,Antibiotics
24208-0342-05,849506,H01BA,Vasopressin and analogues
55566-2400-00,849522,H01BA,Vasopressin and analogues
17478-0206-05,1234571,S01FB,Sympathomimetics excl. antiglaucoma preparations
52959-0582-03,995241,N05BB,Diphenylmethane derivatives
64679-0728-01,313165,N02CC,Selective serotonin (5HT1) agonists
70860-0117-26,1721460,J01CF,Beta-lactamase resistant penicillins
0132-0079-12,104155,A06AX,Other drugs for constipation
23155-0649-41,309012,L01AD,Nitrosoureas
0409-0201-10,1093280,L01CD,Taxanes
45802-0060-03,1648110,D06AX,Other antibiotics for topical use
10147-1700-07,311204,J02AC,Triazole and tetrazole derivatives
60687-0415-01,197535,N05AH,"Diazepines, oxazepines, thiazepines and oxepines"
51079-0572-01,198322,N05AB,Phenothiazines with piperazine structure
24208-0535-35,864650,S01AD,Antivirals
0904-6272-08,313778,N05AE,Indole derivatives
67457-0422-54,1116927,H02AB,Glucocorticoids
66689-0202-04,212227,A07BA,Charcoal preparations
55150-0173-01,313165,N02CC,Selective serotonin (5HT1) agonists
59390-0192-05,992759,S01FA,Anticholinergics
50242-0063-01,1088251,L01EB,Epidermal growth factor receptor (EGFR) tyrosine kinase inhibitors
55292-0811-55,105569,L01DA,Actinomycines
65649-0101-02,885859,A07EC,Aminosalicylic acid and similar agents
0187-3013-30,903849,N07AA,Anticholinesterases
0378-1101-01,312593,C02CA,Alpha-adrenoreceptor antagonists
27437-0050-56,996826,G02AB,Ergot alkaloids
42571-0147-26,1923432,C07AA,"Beta blocking agents, non-selective"
0143-9565-01,1660009,L01AC,Ethylene imines
66993-0060-27,864675,P01BB,Biguanides
49884-0321-55,312076,N05AH,"Diazepines, oxazepines, thiazepines and oxepines"
0904-6187-61,855671,N03AB,Hydantoin derivatives
16729-0306-10,485246,L01BC,Pyrimidine analogues
59572-0710-30,1940372,L01XM,Isocitrate dehydrogenase (IDH) inhibitors
60687-0325-01,314076,C09AA,"ACE inhibitors, plain"
62559-0159-01,903891,N06AB,Selective serotonin reuptake inhibitors
63323-0477-27,1794186,N01BA,Esters of aminobenzoic acid
70594-0046-02,1807513,A07AA,Antibiotics
51285-0162-88,858079,G03AC,Progestogens
0781-7216-64,1010600,N07BC,Drugs used in opioid dependence
50111-0327-03,905225,C02DB,Hydrazinophthalazine derivatives
63323-0483-27,1010763,N01BB,Amides
50458-0580-30,1114202,B01AF,Direct factor Xa inhibitors
49281-0589-58,797641,J07AH,Meningococcal vaccines
25682-0001-01,700387,L04AJ,Complement inhibitors
70199-0006-32,207790,J01XE,Nitrofuran derivatives
54482-0144-07,206346,A16AA,Amino acids and derivatives
69238-1310-09,483442,N02BF,Gabapentinoids
63323-0715-05,727762,L02BA,Anti-estrogens
62756-0060-40,562502,B01AC,Platelet aggregation inhibitors excl. heparin
0904-6271-08,313777,N05AE,Indole derivatives
0574-0850-05,861672,N02CA,Ergot alkaloids
25021-0137-20,1721476,J01CA,Penicillins with extended spectrum
64980-0282-03,248420,A07EC,Aminosalicylic acid and similar agents
68084-0021-21,242679,J05AF,Nucleoside and nucleotide reverse transcriptase inhibitors
70710-1165-06,1115698,J05AH,Neuraminidase inhibitors
47335-0188-88,476515,N04BA,Dopa and dopa derivatives
60505-3438-03,859193,N04BD,Monoamine oxidase B inhibitors
62935-0223-05,825335,L02AE,Gonadotropin releasing hormone analogues
66993-0877-61,313921,D05AX,Other antipsoriatics for topical use
63323-0286-20,1734484,N01BB,Amides
0574-7116-12,892678,N02AA,Natural opium alkaloids
55390-0123-01,312821,J04AB,Antibiotics
0409-7299-73,1859490,B05XA,Electrolyte solutions
16571-0203-10,855664,D11AX,Other dermatologicals
0591-3216-30,1597123,G03BA,3-oxoandrosten (4) derivatives
25021-0140-10,1721460,J01CF,Beta-lactamase resistant penicillins
68462-0684-01,360110,L01EG,Mammalian target of rapamycin (mTOR) kinase inhibitors
67919-0041-02,1540868,J01XX,Other antibacterials
51079-0818-20,198377,L04AD,Calcineurin inhibitors
52565-0020-60,1191315,D07AC,"Corticosteroids, potent (group III)"
62175-0106-01,311192,C01DA,Organic nitrates
71715-0002-21,2059280,J01AA,Tetracyclines
76329-3340-01,1190546,A03BA,"Belladonna alkaloids, tertiary amines"
68992-3075-03,1664458,L04AD,Calcineurin inhibitors
0456-2240-30,1433235,N06AX,Other antidepressants
0597-0047-24,213405,J05AG,Non-nucleoside reverse transcriptase inhibitors
49884-0231-83,198140,P02BA,Quinoline derivatives and related substances
51224-0162-12,1250234,V03AE,Drugs for treatment of hyperkalemia and hyperphosphatemia
68084-0149-01,259966,H02AB,Glucocorticoids
57962-0014-28,2000019,L01EL,Bruton's tyrosine kinase (BTK) inhibitors
0536-1850-97,1049163,R01BA,Sympathomimetics
50474-0805-03,724156,N04BC,Dopamine agonists
63323-0012-11,1791721,H01BB,Oxytocin and analogues
76310-0022-01,105648,L03AC,Interleukins
59212-0002-01,208675,C03DB,Other potassium-sparing agents
49281-0422-88,2605543,J07BB,Influenza vaccines
68682-0370-90,830801,C08DB,Benzothiazepine derivatives
64980-0509-24,309686,H02AB,Glucocorticoids
68382-0860-10,885205,N04AC,Ethers of tropine or tropine derivatives
55150-0194-10,1736546,C07AB,"Beta blocking agents, selective"
0781-3312-75,1728055,A04AA,Serotonin (5HT3) antagonists
51079-0624-85,285024,D06BA,Sulfonamides
63402-0190-30,540407,N05CF,Benzodiazepine related drugs
51079-0623-81,201185,D06BA,Sulfonamides
0378-0317-01,197506,A02BA,H2-receptor antagonists
54092-0253-90,603122,V03AE,Drugs for treatment of hyperkalemia and hyperphosphatemia
0591-3217-30,1597129,G03BA,3-oxoandrosten (4) derivatives
0781-3253-94,485246,L01BC,Pyrimidine analogues
70954-0135-10,197558,J04BA,Drugs for treatment of lepra
42367-0531-33,2590677,L01BA,Folic acid analogues
55150-0121-50,1659149,J01CR,"Combinations of penicillins, incl. beta-lactamase inhibitors"
45802-0925-94,861434,D07AD,"Corticosteroids, very potent (group IV)"
50458-0551-10,686443,N05AX,Other antipsychotics
63323-0690-30,307719,R05CB,Mucolytics
0703-3678-01,1655956,L01BA,Folic acid analogues
13845-1202-02,197551,J04AB,Antibiotics
49938-0107-04,212381,J04AA,Aminosalicylic acid and derivatives
43292-0556-06,240755,A12AA,Calcium
55150-0188-10,238720,B02AA,Amino acids
68180-0876-13,748961,G03AC,Progestogens
70842-0160-10,207358,J01AA,Tetracyclines
70257-0563-01,1666620,M03BX,Other centrally acting agents
0703-3671-01,1655960,L01BA,Folic acid analogues
25021-0242-02,1740865,L01BB,Purine analogues
62175-0107-01,311197,C01DA,Organic nitrates
51079-0992-20,903891,N06AB,Selective serotonin reuptake inhibitors
50742-0233-01,562524,S01EC,Carbonic anhydrase inhibitors
64380-0160-01,860225,G03AC,Progestogens
65862-0560-90,314200,A02BC,Proton pump inhibitors
63323-0322-25,1726214,J01DH,Carbapenems
51144-0050-01,1147327,L01FX,Other monoclonal antibodies and antibody drug conjugates
58468-0357-01,828267,L04AG,Monoclonal antibodies
0781-1205-01,834061,J01CE,Beta-lactamase sensitive penicillins
51079-0957-01,197625,C02CA,Alpha-adrenoreceptor antagonists
61314-0126-05,860107,M01AB,Acetic acid derivatives and related substances
0121-1576-10,104884,A03FA,Propulsives
59572-0962-10,877516,L01XH,Histone deacetylase (HDAC) inhibitors
48818-0001-01,1796421,L01BA,Folic acid analogues
50419-0747-01,208975,P02BA,Quinoline derivatives and related substances
67066-0005-01,727492,V04CK,Tests for pancreatic function
0121-0721-04,310386,N06AB,Selective serotonin reuptake inhibitors
47335-0047-40,1736781,L01XA,Platinum compounds
47781-0597-91,1807513,A07AA,Antibiotics
0206-8862-01,1659151,J01CR,"Combinations of penicillins, incl. beta-lactamase inhibitors"
16571-0330-16,702519,N03AA,Barbiturates and derivatives
59922-0631-01,1596023,V03AE,Drugs for treatment of hyperkalemia and hyperphosphatemia
51079-0588-20,313366,N05AF,Thioxanthene derivatives
52565-0031-15,1191302,D07AC,"Corticosteroids, potent (group III)"
50383-0775-04,1010739,N01BB,Amides
0555-0886-02,197658,G03CA,"Natural and semisynthetic estrogens, plain"
42571-0316-01,246172,N05BA,Benzodiazepine derivatives
0173-0754-00,900165,N03AX,Other antiepileptics
60505-6128-01,1726324,L01CE,Topoisomerase 1 (TOP1) inhibitors
42023-0118-01,860751,R06AA,Aminoalkyl ethers
62037-0699-30,831325,C05AE,Muscle relaxants
0574-0242-01,200258,A10BX,"Other blood glucose lowering drugs, excl. insulins"
0310-0095-30,1091843,D05AX,Other antipsoriatics for topical use
50242-0132-01,1922512,L01FD,HER2 (Human Epidermal Growth Factor Receptor 2) inhibitors
17772-0103-01,1437285,N03AX,Other antiepileptics
59746-0020-22,401953,N05AX,Other antipsychotics
64193-0425-02,1660001,B02BD,Blood coagulation factors
0143-9559-01,1804735,B01AE,Direct thrombin inhibitors
68180-0592-06,1874559,N06AX,Other antidepressants
54482-0147-01,206345,A16AA,Amino acids and derivatives
49502-0900-30,865208,N04BD,Monoamine oxidase B inhibitors
50458-0554-01,866105,N05AX,Other antipsychotics
0409-1630-10,1190546,A03BA,"Belladonna alkaloids, tertiary amines"
0591-3509-04,998675,C02AC,Imidazoline receptor agonists
63851-0501-02,830463,J07BG,Rabies vaccines
43547-0412-09,312749,C09AA,"ACE inhibitors, plain"
66215-0403-01,1302755,B01AC,Platelet aggregation inhibitors excl. heparin
68084-0075-21,199159,D10AD,Retinoids for topical use in acne
67457-0195-01,311487,L01AA,Nitrogen mustard analogues
69238-1471-03,310155,J01FA,Macrolides
24208-0795-35,309679,S01CA,Corticosteroids and antiinfectives in combination
60432-0834-60,197878,P03AB,Chlorine containing products
62559-0531-01,856569,C07AA,"Beta blocking agents, non-selective"
16729-0275-67,308769,B01AE,Direct thrombin inhibitors
0409-1893-01,1731995,N02AA,Natural opium alkaloids
60793-0701-10,731568,J01CE,Beta-lactamase sensitive penicillins
0713-0709-60,1191315,D07AC,"Corticosteroids, potent (group III)"
55150-0122-15,1721458,J01CF,Beta-lactamase resistant penicillins
10631-0286-05,885109,G01AD,Organic acids
62756-0798-88,1099870,N03AG,Fatty acid derivatives
64980-0130-09,197448,A16AA,Amino acids and derivatives
63323-0494-05,1099648,N03AG,Fatty acid derivatives
0781-3154-01,860605,B03AC,"Iron, parenteral preparations"
55150-0159-74,1737566,N01BB,Amides
42367-0540-32,1544758,M03CA,Dantrolene and derivatives
67457-0210-05,199388,J05AB,Nucleosides and nucleotides excl. reverse transcriptase inhibitors
0223-1721-01,198861,A02AH,Antacids with sodium bicarbonate
50458-0305-03,211489,N05AX,Other antipsychotics
67457-0182-10,1736546,C07AB,"Beta blocking agents, selective"
63323-0495-27,1737758,N01BB,Amides
50242-0062-01,1088255,L01EB,Epidermal growth factor receptor (EGFR) tyrosine kinase inhibitors
43068-0102-02,848738,N05AX,Other antipsychotics
43068-0106-02,848746,N05AX,Other antipsychotics
43068-0113-04,848752,N05AX,Other antipsychotics
0178-8500-20,539811,G01AF,Imidazole derivatives
0904-2272-60,198024,A11HA,Other plain vitamin preparations
0517-6110-25,237511,B05XA,Electrolyte solutions
0409-4090-01,237508,B05XA,Electrolyte solutions
64764-0720-30,1790892,N06AX,Other antidepressants
63833-0825-02,867381,B06AC,Drugs used in hereditary angioedema
0527-1394-01,311386,N05AH,"Diazepines, oxazepines, thiazepines and oxepines"
0944-4179-10,728491,B01AD,Enzymes
50268-0739-13,402019,G04BE,Drugs used in erectile dysfunction
49884-0032-01,313447,N06AF,"Monoamine oxidase inhibitors, non-selective"
0555-0635-09,197555,G03XA,Antigonadotropins and similar agents
51079-0902-20,311385,N05AH,"Diazepines, oxazepines, thiazepines and oxepines"
62756-0529-40,849501,H01BA,Vasopressin and analogues
70114-0101-01,2102705,L03AA,Colony stimulating factors
68084-0606-21,849515,H01BA,Vasopressin and analogues
63323-0011-15,239200,D06AX,Other antibiotics for topical use
55513-0023-04,731250,B03XA,Other antianemic preparations
63323-0086-50,1928570,B05XA,Electrolyte solutions
79802-0200-30,2564037,L04AA,Selective immunosuppressants
0378-1626-93,349435,J02AC,Triazole and tetrazole derivatives
0703-9514-01,313137,J01EC,Intermediate-acting sulfonamides
72205-0072-90,1490026,C01CA,Adrenergic and dopaminergic agents
60687-0156-25,1313885,N03AB,Hydantoin derivatives
0641-2555-45,1670353,N03AB,Hydantoin derivatives
66689-0063-10,1046924,A03CB,Belladonna and derivatives in combination with psycholeptics
43598-0579-30,1010600,N07BC,Drugs used in opioid dependence
63323-0229-30,1796676,V03AB,Antidotes
0409-1761-02,1724792,N01BB,Amides
49502-0902-30,865216,N04BD,Monoamine oxidase B inhibitors
49502-0901-01,865212,N04BD,Monoamine oxidase B inhibitors
60505-6226-02,1190655,S01FA,Anticholinergics
16729-0351-92,253113,L01AB,Alkyl sulfonates
0406-9100-76,245136,N02AB,Phenylpiperidine derivatives
60432-0741-15,197305,G01AD,Organic acids
50458-0290-01,833164,J02AC,Triazole and tetrazole derivatives
0781-6023-52,309322,J01FA,Macrolides
24208-0277-15,750139,S01XA,Other ophthalmologicals
67457-0480-40,1655956,L01BA,Folic acid analogues
0944-3053-02,1719225,B02BD,Blood coagulation factors
53436-0084-01,1716215,V03AE,Drugs for treatment of hyperkalemia and hyperphosphatemia
42192-0605-10,238720,B02AA,Amino acids
0641-0410-12,1362831,B01AB,Heparin group
50458-0307-11,706827,N05AX,Other antipsychotics
0472-0242-60,106387,P03AC,"Pyrethrines, incl. synthetic compounds"
63323-0563-10,238720,B02AA,Amino acids
43598-0698-58,238014,G02AD,Prostaglandins
0555-0606-02,860215,G03AC,Progestogens
0517-2340-10,1741268,B03AB,"Iron trivalent, oral preparations"
0527-1791-01,859841,N05AB,Phenothiazines with piperazine structure
0527-1789-01,865123,N05AB,Phenothiazines with piperazine structure
60505-0798-00,854252,B01AB,Heparin group
0781-3207-95,1665005,J01DD,Third-generation cephalosporins
50102-0911-01,1005928,G03AD,Emergency contraceptives
68462-0209-01,1299897,C09AA,"ACE inhibitors, plain"
63323-0294-27,1866531,N01BB,Amides
55111-0688-52,705824,M05BA,Bisphosphonates
63323-0186-10,1807637,B05XA,Electrolyte solutions
0406-9960-01,198243,N05CD,Benzodiazepine derivatives
0781-2322-68,403810,A04AD,Other antiemetics
59762-3718-09,198318,N05CD,Benzodiazepine derivatives
0781-7227-64,1307056,N07BC,Drugs used in opioid dependence
0555-0211-10,1000405,G03DC,Estren derivatives
69097-0425-02,485436,J05AF,Nucleoside and nucleotide reverse transcriptase inhibitors
42702-0103-05,1234571,S01FB,Sympathomimetics excl. antiglaucoma preparations
61314-0342-02,1234579,S01FB,Sympathomimetics excl. antiglaucoma preparations
50425-0011-98,312564,D08AG,Iodine products
36000-0011-01,1665229,J01MA,Fluoroquinolones
67877-0454-30,311204,J02AC,Triazole and tetrazole derivatives
44567-0103-10,1721476,J01CA,Penicillins with extended spectrum
67546-0111-12,540617,P01AX,Other agents against amoebiasis and other protozoal diseases
51079-0435-20,860221,G03AC,Progestogens
55513-0710-01,993456,M05BX,Other drugs affecting bone structure and mineralization
59011-0750-04,904882,N02AE,Oripavine derivatives
13107-0068-01,541878,N06BA,Centrally acting sympathomimetics
0409-0212-02,1791859,C01CE,Phosphodiesterase inhibitors
67457-0533-16,1093280,L01CD,Taxanes
55150-0238-05,1116927,H02AB,Glucocorticoids
0703-0031-04,1743779,H02AB,Glucocorticoids
0409-2344-88,1812168,C01CA,Adrenergic and dopaminergic agents
0713-0166-12,1293639,N02CA,Ergot alkaloids
0781-5405-01,1293506,N02CA,Ergot alkaloids
64764-0750-30,1790890,N06AX,Other antidepressants
59572-0102-01,545206,L01BC,Pyrimidine analogues
0143-9210-10,992809,N01BA,Esters of aminobenzoic acid
69238-1605-08,996824,G02AB,Ergot alkaloids
0469-3016-01,108515,L04AD,Calcineurin inhibitors
10019-0956-16,1734919,L01AA,Nitrogen mustard analogues
50242-0070-01,1442698,L01FA,CD20 (Clusters of Differentiation 20) inhibitors
72626-2701-01,1799212,J05AP,Antivirals for treatment of HCV infections
51079-0425-20,199246,A10BB,Sulfonylureas
45802-0088-01,2123072,R03AC,Selective beta-2-adrenoreceptor agonists
63323-0272-05,859824,N05AB,Phenothiazines with piperazine structure
52609-3001-00,876399,L01AA,Nitrogen mustard analogues
0555-0872-02,1000135,G03DA,Pregnen (4) derivatives
0781-3409-95,789980,J01CA,Penicillins with extended spectrum
50268-0430-15,197817,M01AB,Acetic acid derivatives and related substances
67457-0445-60,312821,J04AB,Antibiotics
67457-0254-30,485246,L01BC,Pyrimidine analogues
69784-0231-20,237371,B05XA,Electrolyte solutions
63323-0642-20,1658236,B05XA,Electrolyte solutions
13533-0635-04,1809034,J06BA,"Immunoglobulins, normal human"
55513-0192-01,2549333,L03AA,Colony stimulating factors
0555-0779-02,1000114,G03DA,Pregnen (4) derivatives
55513-0954-01,1657705,L01FE,EGFR (Epidermal Growth Factor Receptor) inhibitors
16729-0276-68,1791701,L01BC,Pyrimidine analogues
24208-0790-62,310594,S01AA,Antibiotics
0173-0675-02,864679,P01BB,Biguanides
67457-0902-10,1654006,N01AX,Other general anesthetics
0904-6787-44,1052760,A06AD,Osmotically acting laxatives
24357-0701-15,1422080,D04AB,Anesthetics for topical use
11980-0779-05,207202,S01AE,Fluoroquinolones
68382-0144-06,845488,C09AA,"ACE inhibitors, plain"
0574-0240-01,200257,A10BX,"Other blood glucose lowering drugs, excl. insulins"
25021-0816-30,237788,V03AF,Detoxifying agents for antineoplastic treatment
63323-0103-65,309311,L01XA,Platinum compounds
68382-0080-01,314035,N05AD,Butyrophenone derivatives
39822-0151-01,903694,H03AA,Thyroid hormones
0703-3154-01,1726673,L01DC,Other cytotoxic antibiotics
68084-0204-01,197987,C02DC,Pyrimidine derivatives
24510-0100-10,854140,N02AX,Other opioids
63323-0665-01,857635,R03AC,Selective beta-2-adrenoreceptor agonists
63010-0010-30,212118,J05AE,Protease inhibitors
68084-0300-21,856656,M03CA,Dantrolene and derivatives
0832-7124-01,1099870,N03AG,Fatty acid derivatives
10147-0951-03,866103,N05AX,Other antipsychotics
33342-0111-07,242438,R03DC,Leukotriene receptor antagonists
43386-0330-01,198332,J01EA,Trimethoprim and derivatives
51079-0566-20,198274,N05AC,Phenothiazines with piperidine structure
0378-3980-93,672569,N05AX,Other antipsychotics
0409-2552-01,897653,N02AA,Natural opium alkaloids
17478-0064-12,206637,S01XA,Other ophthalmologicals
0378-1001-01,313362,N05AF,Thioxanthene derivatives
51079-0580-01,198270,N05AC,Phenothiazines with piperidine structure
0143-9503-01,307702,S01EC,Carbonic anhydrase inhibitors
69918-0901-10,849501,H01BA,Vasopressin and analogues
0310-0679-60,1942489,L01XK,Poly (ADP-ribose) polymerase (PARP) inhibitors
62559-0138-07,310878,C05AA,Corticosteroids
43598-0505-30,1490065,G03XC,Selective estrogen receptor modulators
16729-0089-10,200172,G04CB,Testosterone-5-alpha reductase inhibitors
69452-0241-20,905269,N04AA,Tertiary amines
67457-0855-02,1654169,C01EB,Other cardiac preparations
42571-0220-30,636664,N04BD,Monoamine oxidase B inhibitors
71287-0219-01,2387352,L01XL,Antineoplastic cell and gene therapy
0406-8891-01,541878,N06BA,Centrally acting sympathomimetics
0904-6759-20,996520,R05DA,Opium alkaloids and derivatives
51079-0573-20,198324,N05AB,Phenothiazines with piperazine structure
55390-0101-10,857635,R03AC,Selective beta-2-adrenoreceptor agonists
68585-0008-01,313773,A12CB,Zinc
0591-5442-05,198145,H02AB,Glucocorticoids
0527-1318-01,857677,R03AC,Selective beta-2-adrenoreceptor agonists
47335-0931-44,859437,M03AC,Other quaternary ammonium compounds
0173-0388-79,1797917,A07EA,Corticosteroids acting locally
47781-0357-03,1010604,N07BC,Drugs used in opioid dependence
59338-0775-10,1191357,B03AC,"Iron, parenteral preparations"
0703-9032-03,1723156,J01GB,Other aminoglycosides
23155-0486-01,897666,C08DA,Phenylalkylamine derivatives
60687-0556-32,1368954,A07EC,Aminosalicylic acid and similar agents
0409-1159-01,1725078,N01BB,Amides
0603-5448-21,861424,C01BC,"Antiarrhythmics, class Ic"
60505-0582-04,403818,J01MA,Fluoroquinolones
49884-0424-11,1011736,C09XA,Renin-inhibitors
55566-2300-00,849503,H01BA,Vasopressin and analogues
0456-2405-63,859983,N05AH,"Diazepines, oxazepines, thiazepines and oxepines"
55289-0121-30,1000139,G03DA,Pregnen (4) derivatives
0409-0801-01,105607,L01XX,Other antineoplastic agents
55150-0218-99,200349,B01AC,Platelet aggregation inhibitors excl. heparin
55150-0219-10,1736470,B01AC,Platelet aggregation inhibitors excl. heparin
0264-3143-11,1659283,J01DD,Third-generation cephalosporins
63323-0136-10,1726673,L01DC,Other cytotoxic antibiotics
63323-0128-20,1731338,L01AX,Other alkylating agents
50242-0064-01,1088253,L01EB,Epidermal growth factor receptor (EGFR) tyrosine kinase inhibitors
60505-0796-04,854245,B01AB,Heparin group
48818-0001-02,1796425,L01BA,Folic acid analogues
0998-0630-06,208591,S01CA,Corticosteroids and antiinfectives in combination
67457-0617-30,1720960,L01BC,Pyrimidine analogues
67253-0203-10,834040,J01CE,Beta-lactamase sensitive penicillins
63459-0601-06,1992547,L01XX,Other antineoplastic agents
0187-5200-30,284539,L01BC,Pyrimidine analogues
0310-0512-60,1986819,L01EL,Bruton's tyrosine kinase (BTK) inhibitors
42367-0520-25,1726097,L01AA,Nitrogen mustard analogues
50383-0801-16,992432,D04AA,Antihistamines for topical use
59148-0038-13,1658337,N05AX,Other antipsychotics
59148-0040-13,1658345,N05AX,Other antipsychotics
55111-0519-30,349591,N06BA,Centrally acting sympathomimetics
0173-0517-00,211199,B01AC,Platelet aggregation inhibitors excl. heparin
0597-0197-05,1716200,V03AB,Antidotes
0904-6636-61,993687,N06AX,Other antidepressants
0270-0556-15,208236,V04CC,Tests for bile duct patency
25021-0246-02,1660009,L01AC,Ethylene imines
68084-0093-01,197444,N04BA,Dopa and dopa derivatives
0409-1746-30,1867614,N01BB,Amides
51079-0565-20,313354,N05AC,Phenothiazines with piperidine structure
51079-0498-20,282401,N03AX,Other antiepileptics
68180-0166-13,313570,A07AA,Antibiotics
76045-0005-10,998213,N02AA,Natural opium alkaloids
52268-0012-01,1001690,A06AD,Osmotically acting laxatives
55111-0679-02,861363,B01AX,Other antithrombotic agents
0409-9094-25,1735007,N01AH,Opioid anesthetics
68084-0135-21,351254,M03BX,Other centrally acting agents
17478-0504-01,1737850,V03AB,Antidotes
15054-0043-01,1719777,L01CE,Topoisomerase 1 (TOP1) inhibitors
64764-0119-01,858071,M04AC,Preparations with no effect on uric acid metabolism
61958-1701-01,1544471,L01EM,Phosphatidylinositol-3-kinase (Pi3K) inhibitors
66733-0948-23,1657660,L01FE,EGFR (Epidermal Growth Factor Receptor) inhibitors
63323-0637-10,829926,L01XX,Other antineoplastic agents
24208-0580-60,310467,D06AX,Other antibiotics for topical use
59572-0205-14,213360,L04AX,Other immunosuppressants
63948-0168-43,1368932,A11HA,Other plain vitamin preparations
33342-0026-07,198382,J05AB,Nucleosides and nucleotides excl. reverse transcriptase inhibitors
42702-0102-15,1234579,S01FB,Sympathomimetics excl. antiglaucoma preparations
17478-0201-15,1234579,S01FB,Sympathomimetics excl. antiglaucoma preparations
44567-0246-25,1665107,J01DC,Second-generation cephalosporins
63323-0597-10,1731350,V03AC,Iron chelating agents
61570-0047-10,314124,B05CA,Antiinfectives
0713-0223-15,1191302,D07AC,"Corticosteroids, potent (group III)"
64193-0424-02,1660001,B02BD,Blood coagulation factors
64193-0426-02,1660001,B02BD,Blood coagulation factors
39822-2010-01,884225,C02AC,Imidazoline receptor agonists
13668-0568-30,402019,G04BE,Drugs used in erectile dysfunction
44206-0436-05,1809521,B06AA,Enzymes
50268-0050-15,998689,C07AB,"Beta blocking agents, selective"
16729-0151-31,1799416,L01CE,Topoisomerase 1 (TOP1) inhibitors
51991-0203-11,404280,B03AB,"Iron trivalent, oral preparations"
0409-6609-02,208312,B05XA,Electrolyte solutions
43598-0650-11,1660009,L01AC,Ethylene imines
50633-0210-11,1242136,V03AF,Detoxifying agents for antineoplastic treatment
51672-1272-02,1053697,D07CB,"Corticosteroids, moderately potent, combinations with antibiotics"
0187-0659-20,801965,N05BA,Benzodiazepine derivatives
17478-0307-03,706872,J01FA,Macrolides
47335-0930-74,700885,L01AX,Other alkylating agents
55513-0800-60,1649491,C01EB,Other cardiac preparations
59572-0205-94,213360,L04AX,Other immunosuppressants
61703-0305-38,1731355,L01BC,Pyrimidine analogues
65162-0734-03,198358,N03AX,Other antiepileptics
65862-0107-01,198352,J05AF,Nucleoside and nucleotide reverse transcriptase inhibitors
68084-0041-01,317128,A02BB,Prostaglandins
0121-4827-40,1049604,N02AA,Natural opium alkaloids
50458-0295-15,152854,J02AC,Triazole and tetrazole derivatives
69853-0102-01,2108130,V03AB,Antidotes
0409-4888-12,1807637,B05XA,Electrolyte solutions
16729-0115-05,1740894,L01DC,Other cytotoxic antibiotics
50242-0051-10,1657864,L01FA,CD20 (Clusters of Differentiation 20) inhibitors
70069-0013-25,238212,D11AA,Antihidrotics
0378-8712-73,307730,J05AB,Nucleosides and nucleotides excl. reverse transcriptase inhibitors
51803-0001-01,1111703,R05CA,Expectorants
61314-0238-05,978573,C07AA,"Beta blocking agents, non-selective"
12496-1212-03,1307063,N07BC,Drugs used in opioid dependence
16729-0022-10,312441,A10BG,Thiazolidinediones
62856-0582-52,824299,N03AF,Carboxamide derivatives
16729-0108-11,1740900,L01DC,Other cytotoxic antibiotics
42388-0013-14,1364581,L01EX,Other protein kinase inhibitors
59148-0019-71,1659814,N05AX,Other antipsychotics
0378-6333-80,835726,N07BB,Drugs used in alcohol dependence
63323-0140-10,240754,L01BB,Purine analogues
58468-4663-01,1726268,A16AB,Enzymes
50484-0810-15,213197,A01AD,Other agents for local oral treatment
63323-0468-37,1867620,N01BB,Amides
59762-0055-01,1000135,G03DA,Pregnen (4) derivatives
63323-0113-10,861604,P01CX,Other agents against leishmaniasis and trypanosomiasis
0338-0351-04,206535,B05BC,Solutions producing osmotic diuresis
63323-0117-20,1791736,L01BC,Pyrimidine analogues
23155-0142-01,434018,A01AB,Antiinfectives and antiseptics for local oral treatment
43386-0480-24,994521,M03BC,"Ethers, chemically close to antihistamines"
59385-0025-60,1716075,N02AE,Oripavine derivatives
68084-0205-01,197986,C02DC,Pyrimidine derivatives
68180-0819-42,477347,V03AE,Drugs for treatment of hyperkalemia and hyperphosphatemia
68094-0008-59,308976,N03AF,Carboxamide derivatives
55111-0143-30,197701,J02AC,Triazole and tetrazole derivatives
67457-0177-50,208361,G04BX,Other urologicals
55513-0207-01,2046145,L01FG,VEGF/VEGFR (Vascular Endothelial Growth Factor / -Receptor) inhibitors
57896-0635-06,2603520,A02AC,Calcium compounds
55513-0222-01,1728099,B02BX,Other systemic hemostatics
0409-8183-01,1871155,B05XA,Electrolyte solutions
51991-0144-17,996828,G02AB,Ergot alkaloids
76125-0900-10,1809441,B06AA,Enzymes
70710-1233-04,238920,A07EA,Corticosteroids acting locally
63323-0496-97,1737764,N01BB,Amides
68084-0458-21,314142,A10BX,"Other blood glucose lowering drugs, excl. insulins"
63323-0285-65,1734348,N01BB,Amides
68462-0228-01,311265,N03AX,Other antiepileptics
31722-0505-60,199422,J05AG,Non-nucleoside reverse transcriptase inhibitors
0781-6135-95,863538,J01CE,Beta-lactamase sensitive penicillins
61314-0396-01,1298066,S01FA,Anticholinergics
43598-0305-62,485246,L01BC,Pyrimidine analogues
61570-0112-01,104385,C09AA,"ACE inhibitors, plain"
43598-0582-30,1010604,N07BC,Drugs used in opioid dependence
0338-0322-01,1367420,B02BC,Local hemostatics
67457-0163-02,543739,C05BB,Sclerosing agents for local injection
50242-0087-01,1658091,L01FD,HER2 (Human Epidermal Growth Factor Receptor 2) inhibitors
89141-0123-01,644304,L02BA,Anti-estrogens
43975-0254-14,317160,L01AX,Other alkylating agents
76310-0024-15,855613,J05AD,Phosphonic acid derivatives
0591-0371-01,311385,N05AH,"Diazepines, oxazepines, thiazepines and oxepines"
69367-0160-04,312899,N02BA,Salicylic acid and derivatives
68180-0150-01,310274,A02BA,H2-receptor antagonists
63323-0763-50,312199,L01CD,Taxanes
50242-0145-01,1298953,L01FD,HER2 (Human Epidermal Growth Factor Receptor 2) inhibitors
16729-0184-01,197770,C03AA,"Thiazides, plain"
69238-1204-02,1432969,N02AE,Oripavine derivatives
0713-0224-60,1191256,D07AC,"Corticosteroids, potent (group III)"
42292-0036-03,349401,C09CA,"Angiotensin II receptor blockers (ARBs), plain"
0904-2015-59,212033,A01AD,Other agents for local oral treatment
50242-0060-01,1657068,L01FG,VEGF/VEGFR (Vascular Endothelial Growth Factor / -Receptor) inhibitors
0955-1722-50,310023,H05BX,Other anti-parathyroid agents
61874-0160-30,1667678,N05AX,Other antipsychotics
61874-0115-20,1667666,N05AX,Other antipsychotics
0574-4021-35,213621,D06AX,Other antibiotics for topical use
0703-2914-03,859437,M03AC,Other quaternary ammonium compounds
0591-5714-01,197366,N06AA,Non-selective monoamine reuptake inhibitors
0121-1724-30,308976,N03AF,Carboxamide derivatives
24208-0276-15,750137,S01XA,Other ophthalmologicals
0555-9018-58,762333,G03AA,"Progestogens and estrogens, fixed combinations"
49884-0038-01,861402,C04AX,Other peripheral vasodilators
49938-0102-01,197558,J04BA,Drugs for treatment of lepra
66302-0206-03,857799,B01AC,Platelet aggregation inhibitors excl. heparin
23155-0261-41,105552,L01AD,Nitrosoureas
67457-0794-10,705824,M05BA,Bisphosphonates
0904-6683-08,310005,C01BD,"Antiarrhythmics, class III"
63323-0478-27,992811,N01BA,Esters of aminobenzoic acid
17478-0415-10,1116294,C01CA,Adrenergic and dopaminergic agents
75826-0118-10,1739887,A03CB,Belladonna and derivatives in combination with psycholeptics
25010-0705-15,207369,M01CC,Penicillamine and similar agents
59310-0579-22,745752,R03AC,Selective beta-2-adrenoreceptor agonists
0574-0521-74,1251411,A07BA,Charcoal preparations
0378-2233-93,349477,J05AG,Non-nucleoside reverse transcriptase inhibitors
51862-0322-01,903703,H03AA,Thyroid hormones
67457-0162-02,543732,C05BB,Sclerosing agents for local injection
0409-7337-01,309092,J01DD,Third-generation cephalosporins
55292-0702-54,1926454,B06AB,Heme products
0527-1369-06,197555,G03XA,Antigonadotropins and similar agents
64980-0403-50,309077,J01DD,Third-generation cephalosporins
0169-3201-11,1986354,A10AB,"Insulins and analogues for injection, fast-acting"
0173-0718-20,895996,D07AC,"Corticosteroids, potent (group III)"
